a,b,y
109.927705144096,24,0
104.613028019231,16,0
106.332502680698,43,0
101.66345204991,30,0
108.955683844748,10,0
104.352882366302,39,0
101.122882034756,46,0
107.67808993247,34,0
105.816155694262,45,0
103.116279961725,30,0
109.915589138521,18,0
107.596806008027,38,0
104.116864838333,27,0
109.647618290251,27,0
107.085365802395,33,0
103.668387272645,31,0
101.201854449268,41,0
109.762015664027,45,0
107.965129730648,5,0
103.364857539843,40,0
105.071064938054,46,0
102.773430248288,50,0
103.898102141083,34,0
102.159443857637,41,0
107.032521779429,38,0
108.594173219084,5,0
108.485262692892,23,0
105.27466177325,41,0
104.607983736967,14,0
101.499418362317,16,0
105.736790503182,43,0
102.922056366219,42,0
105.014622146547,12,0
105.84479875212,47,0
108.424714651429,46,0
102.092634080917,17,0
103.81288068447,28,0
107.343282670568,30,0
105.546046566764,26,0
107.0057379855,20,0
106.296567708362,27,0
108.770458073714,29,0
108.312108872171,9,0
102.958760626985,44,0
104.106439391844,25,0
108.607964233394,30,0
107.832382322423,30,0
109.628192091968,6,0
101.11639625387,45,0
101.392191684704,30,0
102.636647388419,42,0
105.200999833972,5,0
109.588311413414,39,0
105.484415254747,41,0
107.312626336286,42,0
103.916777546569,13,0
109.144452349696,29,0
105.858254111004,11,0
100.993108929558,23,0
101.8181836578,9,0
109.568464077017,33,0
103.086611884233,7,0
101.643922092156,41,0
107.410744971842,13,0
108.648465723495,35,0
101.970647832141,45,0
108.087276526423,40,0
104.451382844873,18,0
108.311263164443,19,0
102.765040127877,27,0
100.070657156525,8,0
106.489865717814,24,0
106.655436972007,37,0
101.720735735225,49,0
101.451611145098,26,0
103.420351941101,37,0
109.539303742397,26,0
101.200847135761,30,0
109.016154642145,10,0
100.152034459677,7,0
109.83975036909,12,0
105.82938673745,7,0
102.057162051716,42,0
107.348841415707,37,0
103.846656320643,47,0
107.028276287045,45,0
101.559968516337,46,0
104.767581246676,19,0
108.837019408782,28,0
103.610391000454,46,0
104.597990601362,39,0
101.371615824798,35,0
100.322248445961,26,0
101.980440630855,19,0
105.67563571715,17,0
106.400834096282,16,0
109.169768079923,15,0
105.964447813051,6,0
109.572125199124,40,0
101.149538500713,43,0
108.152357331086,36,0
101.651457324793,43,0
106.8039271241,34,0
100.452483979846,39,0
107.852484487575,43,0
103.992287327988,37,0
102.203170353369,42,0
109.715249752383,19,0
104.65437824078,26,0
109.660302473034,16,0
104.449593631287,28,0
104.543146489943,23,0
109.146236602283,46,0
105.69071894919,30,0
102.126169186274,16,0
108.14694652185,14,0
100.872009583163,32,0
100.0326786084,45,0
106.463340470977,41,0
109.325277563366,7,0
101.401758378096,44,0
101.447362884464,26,0
102.386313674944,48,0
103.54247298309,44,0
104.418897355545,9,0
100.335977265624,9,0
102.466160927063,20,0
103.903046437175,45,0
102.064566954443,26,0
101.303146702184,5,0
109.551340541925,19,0
101.895584938419,6,0
101.667844071579,7,0
100.364380292628,36,0
104.310025467714,39,0
105.889202907633,9,0
107.450531466357,20,0
105.356708771668,41,0
109.238430496864,30,0
107.197281487312,9,0
102.878132452208,5,0
107.389836248749,21,0
100.279634972526,26,0
100.960592673121,30,0
100.111191806404,32,0
106.364011853852,36,0
105.483729469309,16,0
106.948008636486,44,0
107.484947883115,25,0
105.744477800178,25,0
100.671333745567,43,0
102.24897066529,5,0
109.907473809769,29,0
108.39553879815,10,0
107.712700721072,25,0
101.008789050249,30,0
109.040162171465,10,0
100.790432263163,12,0
107.506934024131,22,0
102.96982704717,23,0
100.045211253445,26,0
109.935959113956,19,0
101.170430469637,45,0
109.04765909051,48,0
107.20699718768,48,0
109.369179638555,36,0
100.882188937041,39,0
109.963637829828,25,0
108.48573924444,7,0
107.597816372441,25,0
104.475453846546,14,0
106.120249187013,39,0
105.607393660034,23,0
108.162460822887,27,0
103.423660322893,11,0
108.546872997198,5,0
102.06052386477,16,0
107.334841373245,13,0
101.123997918058,24,0
109.174503596989,47,0
105.805067932192,18,0
107.797191992573,17,0
108.553121242587,10,0
103.645269104061,35,0
100.470421126832,47,0
101.597024114699,24,0
103.166777306557,17,0
108.178168468513,27,0
105.440822631096,49,0
103.642017141267,24,0
102.853852760745,27,0
107.433690156254,40,0
102.602133414189,41,0
101.085447979838,35,0
109.329407718385,42,0
102.746069044834,46,0
103.474931644774,7,0
104.244937905047,49,0
104.648484654672,24,0
101.076113653873,19,0
102.260260906496,42,0
104.883130669181,23,0
102.26171364907,16,0
105.634618019589,31,0
100.08775225934,21,0
106.943386242081,25,0
105.679027385984,12,0
105.400934949844,19,0
102.37565890877,9,0
103.82667814159,5,0
103.474447189925,15,0
100.661874094891,32,0
108.368144777341,43,0
100.060103494594,8,0
107.251565963017,5,0
100.150354787361,48,0
106.890411150298,17,0
101.623314326782,24,0
107.984330216816,13,0
109.598767395449,38,0
105.810173244956,16,0
103.603136674837,7,0
101.810321583246,35,0
107.045399980275,9,0
108.352046655998,30,0
108.907206325563,13,0
106.347263958274,26,0
100.473659436778,17,0
106.027522783076,45,0
105.305597730357,36,0
100.031415000006,46,0
105.898757530419,10,0
104.650922599909,18,0
106.817250323921,40,0
105.995657439056,27,0
104.930898331593,27,0
102.281260803303,16,0
100.635899569441,48,0
104.721126402029,13,0
101.751430013419,29,0
100.025184401055,27,0
104.282329258993,10,0
105.090791853379,37,0
106.614447902582,22,0
108.781854860946,15,0
100.206928113967,18,0
101.566011670223,38,0
102.11081545081,8,0
101.362873716694,22,0
101.757983305087,39,0
104.088049908809,8,0
109.257106187521,29,0
104.305000647959,28,0
109.792357081511,45,0
109.381041089408,7,0
105.423464648378,26,0
101.771742933061,34,0
101.06881819012,41,0
102.429339491426,33,0
104.654035637865,14,0
101.951074692816,5,0
105.6919792546,29,0
105.066449230981,47,0
108.675508064997,46,0
102.063232058446,14,0
104.719662267965,40,0
102.367569031417,5,0
104.609664088729,35,0
109.167936618331,17,0
102.151026660043,45,0
100.616090719944,6,0
109.035497621921,19,0
103.717931468219,27,0
106.286215189647,5,0
104.480209787842,28,0
107.749688076518,12,0
107.578430690919,8,0
105.777817614783,13,0
107.188713786133,15,0
104.363645781317,48,0
100.392636525973,38,0
104.213747651778,42,0
104.914789741587,22,0
104.929730979341,42,0
108.0892465205,12,0
106.423317911719,43,0
101.829990524279,38,0
103.036132606053,43,0
100.036352207948,18,0
100.010371618441,39,0
107.884835357979,34,0
108.130846913113,5,0
104.359458500984,44,0
109.51437266471,50,0
103.609121559598,16,0
103.720118960491,38,0
104.259385190652,34,0
109.063362913755,40,0
103.676523934385,45,0
108.051897577424,21,0
102.659016086026,30,0
106.29461669677,23,0
105.725744131148,21,0
100.055900824473,7,0
103.568633444865,40,0
106.102687425351,18,0
101.460281466704,15,0
104.632305796091,25,0
107.07986338662,26,0
104.352261419725,7,0
107.749549799521,9,0
106.105941621111,47,0
100.003062202656,24,0
100.017170578285,37,0
105.660521378431,39,0
109.93824373221,50,0
104.768740105814,34,0
100.535387853524,24,0
109.920232539481,43,0
104.571034608987,14,0
107.559134026636,37,0
106.170950233666,31,0
103.715640216604,34,0
104.360041255685,37,0
103.563535939878,46,0
109.024900347607,16,0
105.936603785315,16,0
109.56737726117,36,0
100.080300503971,24,0
105.672129847984,38,0
106.687788854726,39,0
102.493509180291,26,0
102.866267068723,19,0
102.086310423078,46,0
107.826093955414,18,0
106.972480373173,24,0
100.531678974317,49,0
100.825674473503,14,0
102.558479899614,14,0
100.121505007625,35,0
109.344478263896,9,0
103.30617517212,44,0
108.508037672928,25,0
102.554558112909,44,0
102.48312045603,10,0
103.034626001251,45,0
109.585074236077,41,0
101.894567973801,26,0
107.882404272588,48,0
106.104616807792,45,0
102.329585747382,50,0
100.588150824778,13,0
102.112557531349,48,0
102.287363429442,30,0
109.59877895286,9,0
106.267087549889,45,0
107.310746712037,12,0
107.33251576058,14,0
103.416157490518,27,0
109.081265803591,32,0
108.03532241478,42,0
102.461115404624,32,0
109.63745362478,37,0
103.831513084387,39,0
102.075015956186,46,0
104.607946869259,48,0
101.858198866423,32,0
109.336739850296,45,0
101.52135128657,5,0
105.571699697477,38,0
105.649751022755,31,0
104.72484768832,37,0
105.553765546626,43,0
101.855480982756,38,0
103.896251632653,44,0
101.482312056406,32,0
104.722058602981,41,0
102.879265229563,20,0
107.026954151798,14,0
107.598133060175,19,0
107.423274502819,40,0
103.240860765256,11,0
103.699620678366,13,0
106.49373628876,17,0
105.074714074583,21,0
105.828020534449,38,0
105.498851771042,36,0
108.074542497222,30,0
107.328531655256,43,0
103.693112089001,8,0
101.490112604544,16,0
102.030662449703,45,0
103.309239200135,5,0
101.683524697843,34,0
103.606215690446,32,0
103.27851366146,22,0
106.104104282781,35,0
100.431309092702,40,0
103.175522594408,5,0
103.833459127498,25,0
105.258500241337,34,0
105.211140338867,26,0
105.02957625712,32,0
102.259474730861,14,0
104.022669001105,27,0
108.214552072729,8,0
100.361606775218,35,0
107.448689721266,9,0
102.910754805331,25,0
107.729587245555,5,0
106.868425433174,28,0
102.108227725027,48,0
104.775437941129,27,0
106.609814762857,47,0
100.510767775497,47,0
103.325498244293,47,0
102.008105317225,5,0
104.675261964481,42,0
100.694062118769,17,0
102.460655762481,27,0
109.436638993832,5,0
107.031135474495,45,0
100.945285563306,20,0
100.887843580873,45,0
107.170577566207,18,0
108.99937529978,18,0
109.915572855644,42,0
108.255402502617,25,0
107.700795346559,25,0
102.702833205835,31,0
105.375915219062,20,0
105.150750277585,14,0
100.542268559178,34,0
104.386275274318,30,0
104.887465815457,19,0
103.56491674427,6,0
104.346448267642,17,0
100.096522544846,30,0
107.746389335551,15,0
101.85365908177,10,0
102.169982449098,46,0
107.292113124834,34,0
102.417583257928,7,0
100.822919465209,15,0
104.830758390653,39,0
102.176185930375,48,0
101.155786363469,31,0
103.033848617527,6,0
106.025707199552,47,0
107.582617699925,5,0
106.732276606611,21,0
101.049441780833,40,0
106.650219127807,48,0
102.37278830055,18,0
102.792699366746,42,0
102.878556860545,35,0
102.243881922412,22,0
106.560752187142,8,0
101.68387894937,40,0
102.497649938767,12,0
102.495767711252,43,0
107.184854622959,9,0
108.29741753706,25,0
101.236692203273,32,0
105.37452519163,40,0
105.048674570445,14,0
102.876320619941,11,0
107.065100993711,19,0
105.793727959836,32,0
104.664250231841,32,0
103.433364797088,20,0
101.165006200214,39,0
102.32628914342,17,0
100.268641565508,5,0
105.057559961189,8,0
107.853163528242,38,0
101.764149393142,37,0
104.639649387102,8,0
104.171573809277,11,0
106.223241972524,44,0
105.556602953365,27,0
104.48157975802,9,0
104.774164232045,39,0
109.173939281962,22,0
104.817070329528,6,0
104.855972011124,20,0
109.301677300746,27,0
105.194587398253,23,0
101.542585256631,25,0
108.61926821608,16,0
108.037862877929,26,0
109.454159961073,42,0
105.523022093101,38,0
105.754628608116,40,0
108.19570121876,41,0
100.079020184607,48,0
105.402923596686,19,0
104.971541947471,14,0
106.084431539384,50,0
108.257691063937,7,0
101.230002262282,5,0
105.934930824057,29,0
100.026702602194,20,0
103.643008019633,28,0
107.855269900484,18,0
104.148826478681,21,0
106.596394528776,36,0
107.270875912205,27,0
105.697487095921,35,0
100.030080526159,14,0
107.272420558769,32,0
106.696921087034,19,0
103.81716313925,31,0
108.933029716746,47,0
106.963070641007,14,0
103.272235248431,46,0
106.582789147586,9,0
105.052320091656,13,0
104.742553337396,17,0
105.755059380943,15,0
109.816948284257,36,0
101.795313439596,33,0
104.810316727243,6,0
109.349885062128,15,0
103.589791577092,44,0
105.574010283511,15,0
108.489459989394,22,0
105.687003847876,28,0
101.345664450103,44,0
101.144341240778,41,0
105.011498043484,30,0
109.0815310621,48,0
106.023282233512,13,0
101.76360114789,41,0
100.954170849314,37,0
103.612836443268,6,0
101.689551604225,34,0
105.310107531452,35,0
104.08385890197,18,0
100.455260178893,17,0
105.604237929676,26,0
109.949859344527,13,0
102.099315652482,26,0
103.990848988021,33,0
107.922352387898,16,0
101.806257521324,49,0
102.942230214877,24,0
105.486077940152,17,0
100.760023769484,46,0
105.149339420002,29,0
100.899080203378,7,0
102.751748101398,18,0
100.6830899566,41,0
103.399662124269,13,0
103.744238276943,20,0
107.616213752241,9,0
103.351583596465,24,0
103.416819051816,43,0
101.673626820698,40,0
101.278632571122,37,0
103.776113393,13,0
109.387091586751,34,0
109.037446568834,34,0
105.802484700394,43,0
109.748095702537,35,0
108.447455663777,32,0
105.267343916437,48,0
106.409024696255,40,0
108.00000314467,14,0
105.848539974635,33,0
108.846867054728,30,0
103.395155526546,13,0
106.965965615526,35,0
101.848240462994,32,0
106.670421641386,5,0
100.425816809888,40,0
108.780008023376,15,0
105.672159193966,36,0
103.297676017144,18,0
106.871491060336,50,0
104.166106336041,34,0
101.815503310388,47,0
102.60976788443,5,0
105.836972220973,24,0
101.54993188585,30,0
102.883985328364,17,0
106.273964756123,10,0
109.421400612421,32,0
108.400858928415,32,0
107.361192512123,12,0
107.223663521138,6,0
100.050384516229,29,0
108.430931165547,37,0
102.144407129997,36,0
109.800689597415,22,0
109.881680012496,19,0
105.223946125372,43,0
108.705362176226,21,0
108.238175598076,21,0
109.802662813055,16,0
108.204461244205,46,0
106.369916132603,37,0
100.043416906434,34,0
108.338105506988,32,0
103.290147358901,30,0
103.185233919455,33,0
101.516722811787,11,0
105.21572749438,39,0
109.364844570081,25,0
104.592496492875,16,0
105.174546986889,19,0
103.582328824801,7,0
101.028503628563,31,0
100.073788041164,40,0
109.55927496766,44,0
106.515905055901,20,0
101.327821785339,46,0
108.732435462553,13,0
101.878819840975,42,0
103.428744554756,20,0
108.645909213494,40,0
108.474910906669,25,0
105.444757859292,44,0
109.046000362894,14,0
106.871603994494,44,0
104.119862615889,49,0
103.642093373144,43,0
109.591522982674,12,0
109.118118707474,44,0
103.65902165895,39,0
100.4905113913,33,0
108.829361076349,39,0
104.983546594029,19,0
107.719029808938,48,0
104.063434416939,21,0
105.400471233036,9,0
109.286495622913,18,0
105.849744250171,34,0
109.852622139251,47,0
100.859110021778,14,0
107.228593511403,32,0
108.951662679756,33,0
107.542574571232,33,0
108.442569611893,18,0
102.984242460531,40,0
105.768475109386,18,0
104.513943516989,15,0
103.59189190693,15,0
107.103668234312,26,0
101.000066297026,6,0
102.420656117138,17,0
101.382420081403,16,0
100.813882132212,30,0
104.873915646358,14,0
100.70883427115,22,0
100.604832399612,7,0
101.316163660384,45,0
103.885162640101,37,0
103.816878373603,50,0
108.274422827805,19,0
103.665265012786,25,0
107.985041386448,18,0
104.401126860872,29,0
104.389274749525,36,0
106.806158496006,20,0
102.577372509237,37,0
101.292480771623,11,0
105.399329017058,30,0
104.996843591818,34,0
100.626177483512,24,0
105.914461842954,42,0
100.210718025327,42,0
108.906723328267,34,0
107.760740859827,27,0
106.009966154669,33,0
105.715176310942,28,0
102.132392983322,35,0
104.13028715293,34,0
100.564361971681,31,0
103.842789168402,44,0
101.140677763055,18,0
109.739803432257,9,0
105.668881028659,25,0
108.54231314299,41,0
105.397461400512,19,0
108.938004847895,14,0
100.598430869036,20,0
102.217751798101,32,0
108.620950562411,48,0
103.108043142691,5,0
107.292504834357,27,0
104.224411729393,15,0
108.641729237388,39,0
109.700302060886,12,0
104.438165165065,26,0
106.106800040554,26,0
104.060815150296,37,0
109.637303463152,14,0
106.824051017929,17,0
109.586721879867,11,0
104.268254807812,39,0
107.339008383862,26,0
101.119614064804,38,0
109.054146779734,39,0
109.05160388543,43,0
102.777350679684,8,0
104.104573740752,39,0
109.497847818251,19,0
101.487196652357,22,0
107.16589369794,48,0
108.5350454983,38,0
105.852018360483,41,0
106.976523852543,34,0
100.6916440734,50,0
102.893636590848,6,0
100.540627543668,49,0
102.21603913204,23,0
107.586491279844,46,0
109.771441826645,27,0
107.287069367817,26,0
105.060071512513,22,0
101.89255256909,48,0
103.779311351756,50,0
107.530122385479,18,0
108.301075639379,30,0
105.062712881907,32,0
107.010095374303,44,0
104.521606467862,15,0
106.377069518306,16,0
101.064922531552,11,0
105.874303788272,15,0
107.216294361302,20,0
107.488728583513,5,0
103.9012464287,6,0
104.783825808793,10,0
107.353474547035,45,0
109.534190258296,11,0
106.997419523966,34,0
101.708634842486,45,0
101.707896744028,46,0
103.692564139703,11,0
106.086664450697,12,0
105.344106012719,32,0
104.592450373148,17,0
103.093866229779,30,0
101.802332244862,35,0
100.407539600016,6,0
101.572807696814,49,0
101.883637696027,5,0
107.063098995719,42,0
103.321115170085,32,0
109.846694400096,19,0
107.88223176204,47,0
106.216165995498,48,0
103.073790989402,10,0
105.825384372389,19,0
108.857796311855,28,0
104.994633213222,23,0
106.198666225609,23,0
107.221746726845,25,0
103.47842928471,7,0
106.437858305028,13,0
107.225361033667,37,0
103.933312804695,29,0
100.084463155711,19,0
106.080881801184,47,0
100.964913081834,32,0
103.22129447756,46,0
100.684477763477,28,0
102.625904045856,19,0
106.047489499601,48,0
108.972459290218,17,0
109.286160012833,48,0
109.928311592341,14,0
108.296603171605,42,0
101.620971310015,24,0
106.511688059779,39,0
108.452496007032,21,0
102.479663287419,26,0
101.305581842959,45,0
107.956203310078,26,0
108.427285050974,22,0
105.181480609415,44,0
106.846775705411,34,0
103.709845366043,33,0
104.859731652813,32,0
108.738867835786,14,0
103.874943369128,21,0
109.030013790283,42,0
108.184400307945,8,0
109.224244342181,15,0
100.667363116143,7,0
100.219520405857,31,0
107.118009692591,9,0
102.445915399522,32,0
107.120996901338,11,0
109.378539129078,26,0
103.256915648011,10,0
102.315875652106,13,0
104.871958251059,13,0
108.658001800095,40,0
106.399558451563,29,0
102.560834949136,24,0
106.006267003754,35,0
105.90404183711,34,0
105.302675489058,28,0
101.427968656584,13,0
102.449361094518,13,0
109.723645920577,21,0
106.283435060268,19,0
108.534359995661,38,0
100.327288945667,13,0
102.783828793329,37,0
105.572002462363,45,0
109.107981759024,38,0
108.673529558944,38,0
108.401431336571,29,0
108.069600967362,6,0
104.033565644191,18,0
100.332668240201,16,0
107.925906207597,22,0
100.505911995606,31,0
104.991558069144,42,0
101.116312513365,42,0
104.196649004928,45,0
101.33736333049,36,0
103.7292803257,46,0
108.428135389042,15,0
104.135414824883,37,0
101.696743295803,6,0
102.505130458316,40,0
107.942840999994,30,0
103.016448387129,38,0
109.498204094177,16,0
106.964223669781,42,0
103.498386437891,35,0
101.746154078516,34,0
104.157713709647,5,0
101.602986525647,26,0
109.744583597849,48,0
105.031304025747,32,0
107.234142159755,37,0
107.771920211513,40,0
106.891376195121,44,0
101.69943496696,34,0
103.139790193084,33,0
104.936278146358,16,0
105.317260065455,6,0
107.415182565393,30,0
100.298365696384,8,0
100.528921210834,49,0
107.915772550538,42,0
105.423883315727,35,0
100.509157182743,17,0
108.173531391725,23,0
108.313898735199,43,0
105.995820190139,40,0
106.626967673823,12,0
104.511073608775,21,0
101.824199452001,20,0
100.49254455786,10,0
100.687277616065,12,0
101.873006679762,6,0
107.736199320578,25,0
103.568316988859,34,0
109.377517379181,27,0
109.164479111933,19,0
107.232753889014,20,0
108.542023371118,28,0
100.163925004131,6,0
105.616717546914,24,0
101.165302874103,22,0
100.041515253159,23,0
106.305290785458,31,0
109.358960822271,23,0
108.481254363735,24,0
103.565495603108,37,0
100.7374022625,35,0
105.886189308084,21,0
100.567574325077,46,0
104.660256861811,42,0
104.094745562263,21,0
105.326550016936,43,0
108.650412830553,7,0
100.860362423025,8,0
108.726079722414,36,0
106.043318784662,30,0
108.91130476797,32,0
109.555815879744,17,0
103.528808150947,21,0
103.804245376599,48,0
102.722980746989,19,0
109.63531677866,40,0
106.149211735182,19,0
103.385839077982,32,0
105.669769532984,32,0
103.067607804325,31,0
102.41320619989,42,0
101.118040775493,14,0
100.222818778922,33,0
102.346764771577,25,0
104.117476682013,15,0
102.23274078284,36,0
107.070415507863,32,0
106.912623276743,43,0
101.715246117177,49,0
106.896953692153,43,0
100.830178060327,17,0
104.956223832372,9,0
107.425903661273,9,0
105.682973830251,35,0
101.111445622595,9,0
100.689236831985,49,0
102.867693068191,24,0
109.046142343558,22,0
108.513110944589,23,0
107.541511408485,44,0
104.487367092407,35,0
105.42607237257,21,0
102.428877381886,27,0
102.024189049101,24,0
100.693742099597,28,0
106.598320221677,29,0
104.191226635873,17,0
104.880486815187,50,0
108.535893475837,17,0
106.116067170325,38,0
107.798627517585,48,0
102.446374708046,19,0
108.46582859336,19,0
102.741870875031,31,0
101.35384959036,49,0
102.264337656807,32,0
104.306824186976,8,0
109.250304219574,44,0
100.44834290313,44,0
105.74320917682,39,0
102.128075025898,12,0
103.650796147012,22,0
101.24621779131,10,0
100.725982107246,30,0
105.661887667977,42,0
104.238946449179,25,0
106.177124005065,29,0
101.913086600759,29,0
101.537637077016,18,0
108.514829558724,32,0
102.61482409026,17,0
100.953551484182,48,0
103.138546129451,13,0
106.048101617227,7,0
103.302740129088,24,0
103.055365980532,45,0
107.252428191687,34,0
108.311416585752,35,0
109.702184892002,17,0
101.383013974025,26,0
107.573083272783,28,0
102.162617225533,28,0
108.278914309386,39,0
103.96832873436,46,0
105.377173980095,23,0
107.12274374872,15,0
105.193519314443,37,0
108.121080579779,13,0
107.214647399436,27,0
101.797942765975,14,0
107.268035218438,39,0
105.554066927716,18,0
101.252472990184,6,0
100.020571043894,11,0
109.884481742624,47,0
101.42531097069,11,0
103.21672308549,18,0
109.444916679673,30,0
105.588693681624,49,0
108.323250197577,15,0
109.631123882897,41,0
105.821086226453,23,0
107.107809962703,13,0
108.700584228068,13,0
100.531603979286,20,0
106.567284629646,30,0
108.756164636544,40,0
106.032790946564,43,0
100.331000574759,38,0
105.719537020286,21,0
106.672327707296,45,0
104.379455362614,43,0
100.501864824905,12,0
100.574121674207,41,0
101.73582321833,8,0
106.30545323445,14,0
104.992462318684,43,0
109.9057440864,40,0
101.463273054494,33,0
104.775850551338,48,0
105.879049240469,14,0
105.4520339411,42,0
103.177309493476,8,0
-93.46101835401,2,1
-92.7280320006756,4,1
-94.3903104815926,-2,1
-94.8165107989669,1,1
-94.7017957798937,4,1
-93.1895674524245,2,1
-95.4999570963864,3,1
-91.946157440641,-1,1
-91.2504132815066,-5,1
-97.7655916488734,-1,1
-90.4617915507785,1,1
-95.6805629764896,5,1
-90.6589019132525,-1,1
-94.6145349630116,-2,1
-99.2608102263739,-2,1
-94.4516253928124,3,1
-95.3896651864873,-5,1
-90.3603466616132,-5,1
-99.1182992937098,1,1
-96.7755782462598,0,1
-90.7457800877611,0,1
-92.6237473470352,0,1
-98.0778759531664,-3,1
-91.1836949378533,1,1
-91.2342927670775,2,1
-99.6448618691458,-5,1
-90.6763884539084,-3,1
-91.9238754141366,0,1
-90.4181917037564,-5,1
-91.783880265657,5,1
-95.232602689979,-4,1
-98.1381905205409,0,1
-92.1766152056768,-4,1
-98.8753287714215,-4,1
-95.7477088542853,-4,1
-91.1685218652472,-3,1
-95.5960950891766,0,1
-94.839626805678,1,1
-97.7302829609889,2,1
-95.2879988199518,-3,1
-97.0772296250639,2,1
-93.0812560580129,-5,1
-97.5078261856361,-5,1
-91.1236804444846,-5,1
-93.4248575213719,1,1
-90.7468337525951,-2,1
-90.0603876708403,2,1
-99.1146223211358,-3,1
-93.2030782493042,3,1
-94.5369706024379,0,1
-98.6956869312634,0,1
-95.0430741332707,1,1
-90.0947874534149,0,1
-91.0111313482383,-1,1
-97.3164037094324,0,1
-95.8996419248599,2,1
-92.5244703207591,-5,1
-98.5449509436067,-3,1
-93.5567414061319,1,1
-92.0428962536028,4,1
-96.1559014765127,3,1
-98.3395450612969,2,1
-96.7624709790733,4,1
-97.234858933952,1,1
-98.6192405464394,-1,1
-92.5250246585974,1,1
-93.9724195469062,0,1
-98.2659892549281,2,1
-94.0706552000495,2,1
-93.5988329282539,-1,1
-94.2010422387524,4,1
-95.3673461913802,-5,1
-91.5195680243607,-2,1
-94.7791353238661,-3,1
-99.3584200638608,-3,1
-96.9901693043067,-2,1
-95.7580041933034,-5,1
-95.4666853221184,5,1
-92.3160085594125,-5,1
-99.4386145865708,-4,1
-92.9171609972117,-3,1
-91.7222600081678,-1,1
-90.0719471836848,-3,1
-98.7110916041929,4,1
-91.4771451157926,3,1
-93.6706881786943,2,1
-90.4305882167132,4,1
-95.3155244337297,3,1
-96.3633303646851,3,1
-94.0493086258235,5,1
-92.1577420937467,-5,1
-98.7520459184396,1,1
-95.4842546568281,1,1
-94.5542454918995,0,1
-99.1700669681691,-4,1
-93.9029632328006,1,1
-91.0915625358658,-5,1
-95.7313333966257,2,1
-99.1554339810721,-1,1
-97.4648292876814,2,1
-96.986806167328,3,1
-96.4671035522212,-1,1
-92.2473756672043,0,1
-99.0975929533333,-4,1
-98.9586256336896,-5,1
-98.8170829936997,2,1
-99.1650169756041,4,1
-90.5307343305774,5,1
-99.1589050854591,-1,1
-92.8908503182086,1,1
-97.4607472695402,-3,1
-94.9140240067141,5,1
-91.9801937046997,-3,1
-99.4264747224686,-5,1
-99.8155742560519,1,1
-98.2268502899225,-2,1
-90.6322158202793,0,1
-94.8822760945599,2,1
-92.1047483398535,0,1
-92.2037292020739,0,1
-98.1050805416203,0,1
-92.3642254326449,5,1
-97.6926748643329,-3,1
-92.3339227172856,1,1
-90.7312448789797,-1,1
-97.3752768913967,-3,1
-95.9561213892354,-2,1
-96.5899234030868,-4,1
-90.035922765472,-5,1
-99.8952531002906,-2,1
-95.9141718921378,4,1
-90.2489227208163,3,1
-94.9362745206516,3,1
-90.7286955279512,2,1
-92.6617089505398,-5,1
-97.394410075206,5,1
-93.5105161970948,2,1
-91.8688998357472,0,1
-96.2785585784844,1,1
-96.1704954050975,4,1
-98.7126988802352,5,1
-95.5121365016137,0,1
-93.552943730241,-4,1
-94.6085186636428,5,1
-99.2049746308055,-2,1
-95.6966805556681,5,1
-91.7260149559011,2,1
-90.4307755543514,0,1
-91.9100660032464,-4,1
-94.2730280203395,-1,1
-99.2583272696755,1,1
-96.2855832482655,2,1
-99.461989637012,1,1
-98.9688209734766,0,1
-93.9984030091443,1,1
-91.0995673349698,-1,1
-94.2610312644096,-3,1
-92.0074855185279,4,1
-98.7015262558806,5,1
-99.0096450414281,4,1
-95.930199238438,1,1
-91.1428559483199,2,1
-93.4162469444939,4,1
-97.5069974883274,-2,1
-97.8490760078524,-5,1
-97.2411235125431,-1,1
-93.9294314493722,1,1
-93.0921588961316,-3,1
-98.945993909995,1,1
-91.1653954361431,-2,1
-99.4982964772741,0,1
-91.6703493064475,0,1
-95.2177544153954,3,1
-91.2991276222975,4,1
-94.6658359789504,5,1
-91.2384342433755,-1,1
-92.9804019672882,1,1
-99.6263019372659,-5,1
-95.4075711497872,-3,1
-95.9268695739793,-4,1
-95.1503020366344,1,1
-90.9986757169179,-1,1
-92.1849053936952,-3,1
-99.784666279117,0,1
-90.7935580806601,3,1
-90.7087583099906,-3,1
-96.4717651227231,5,1
-93.2841830788808,4,1
-97.3015185541809,4,1
-93.0292381348445,1,1
-97.4163425508548,4,1
-90.2360799364144,-5,1
-90.4460715337933,4,1
-92.0079642139498,-3,1
-98.2123956151385,4,1
-97.0411909523173,0,1
-99.1629461600751,4,1
-99.6826280422262,3,1
-92.3262286170162,5,1
-94.2621700726839,-1,1
-94.1702671806224,-5,1
-94.6242383590115,-2,1
-90.3602706385629,-5,1
-92.4893328584683,-5,1
-94.8795497890067,-5,1
-93.886401940304,-3,1
-96.6075352051959,-3,1
-98.9946753960032,-2,1
-90.3768411579178,-3,1
-93.1282848345371,-2,1
-90.7960515303895,1,1
-91.0924320349889,1,1
-91.8900697895464,-5,1
-98.8158098106472,5,1
-95.8321501079787,2,1
-92.0868717337749,0,1
-90.3071136085582,0,1
-99.0346156014808,1,1
-98.3385784705634,-1,1
-97.5350263516092,4,1
-95.4760128957272,1,1
-99.0954691222214,-5,1
-95.4266249456562,1,1
-97.975477773817,-4,1
-95.590209866272,-5,1
-97.8426602813835,-2,1
-96.1033861542114,-1,1
-92.1898776555874,-4,1
-95.508187129535,-1,1
-98.4433010647444,0,1
-91.7153936023986,0,1
-96.3145116209162,3,1
-95.9079675016822,-2,1
-92.5801510066128,-5,1
-97.4166678796679,5,1
-96.5845064177308,3,1
-96.2189821454907,-3,1
-91.8854695499171,2,1
-90.6272242521524,4,1
-98.8362604754862,-5,1
-92.5766814548503,3,1
-93.7739471148678,1,1
-90.9439506529335,-4,1
-99.5898615611062,-1,1
-93.2412040806717,4,1
-91.5278582701331,-3,1
-99.2166772107378,4,1
-97.7470341080709,-5,1
-91.4399523439032,-5,1
-94.3985572917958,0,1
-95.8744180429397,-4,1
-96.0471426194937,1,1
-98.3905768804558,-5,1
-90.778371002524,-1,1
-93.872792596133,1,1
-90.9621628715724,-4,1
-97.322636969292,-1,1
-92.1459733705279,-5,1
-98.6799262725199,3,1
-97.3529733910453,3,1
-91.2799768453261,4,1
-95.0109897853658,-4,1
-96.3985711543679,2,1
-97.9774147927345,-4,1
-93.8062668234474,2,1
-94.7255857714746,2,1
-98.3017335411335,4,1
-92.9126631093049,0,1
-94.8364255017553,1,1
-92.6527754027147,3,1
-97.5215687366571,-5,1
-98.7041549243578,1,1
-91.8374003890637,0,1
-98.010682205875,-5,1
-97.3146878509316,-5,1
-93.8362339081903,-5,1
-93.9237122116173,-4,1
-99.7521890896235,-2,1
-92.4821330512623,-1,1
-95.2650944531441,3,1
-94.1772325334451,0,1
-95.9684105417146,0,1
-99.4131921713103,-2,1
-98.4406272092309,-5,1
-96.2955264869811,-5,1
-99.2155755176399,1,1
-94.7892297536878,-4,1
-96.3236005279581,2,1
-96.8223774956619,-5,1
-93.1192505454163,-4,1
-99.7549784422875,3,1
-92.8098823141201,1,1
-96.7749172165455,-3,1
-97.2795713385331,-2,1
-92.9172367483892,0,1
-91.6596097397317,2,1
-91.852891610068,4,1
-93.430117924881,-5,1
-95.3038748066849,-5,1
-93.3649307534368,2,1
-90.163092196173,3,1
-90.8878961129582,5,1
-93.8539199957705,-2,1
-99.8985581475283,-2,1
-94.515046697136,-2,1
-90.4850733703386,2,1
-93.9106020025768,5,1
-93.2179770301076,-2,1
-90.407430199763,3,1
-91.9527660079108,5,1
-91.3598278795451,5,1
-94.8122888036857,1,1
-94.2440928242571,0,1
-97.2278484554863,-1,1
-96.123135619825,2,1
-97.8290849676982,3,1
-94.8221029779558,0,1
-99.9213291622489,-4,1
-99.0967500943957,5,1
-97.3664090992141,1,1
-97.4128292658891,3,1
-96.5452289919513,4,1
-96.5847604228268,-2,1
-92.165416374517,-5,1
-95.0132031601532,4,1
-97.0837853184543,-3,1
-96.5597937660223,5,1
-94.3756369526707,4,1
-96.5406083356551,3,1
-94.7430240344213,0,1
-92.7997956030193,5,1
-98.016704383432,-4,1
-98.0717631903603,-4,1
-93.8936262894757,2,1
-94.5078533506791,0,1
-96.3198484849401,-5,1
-95.0523025448092,-1,1
-91.3464170383754,1,1
-90.1729692728946,-5,1
-95.0067848274835,0,1
-91.1717550646863,1,1
-92.5698387901592,-1,1
-95.4407428392934,1,1
-99.2525420201369,-5,1
-99.3138100178269,2,1
-91.7481427196225,-4,1
-98.7988204011176,-3,1
-95.8886087680558,-2,1
-92.3219427071051,3,1
-93.6544849710927,1,1
-99.6442720037002,2,1
-93.0152148664463,-1,1
-94.7311730770122,-4,1
-96.2778862352916,0,1
-91.4633676485002,-2,1
-93.4249127889215,5,1
-93.9321992521544,4,1
-93.8781888934763,5,1
-92.9326404370423,1,1
-92.0931718246267,0,1
-95.4357011797524,-4,1
-91.1201820718865,4,1
-94.5529684646475,-2,1
-94.7705269990813,3,1
-98.9095549746775,-4,1
-90.1436411078507,-1,1
-91.7654087519342,-2,1
-95.9168464015375,-5,1
-93.8332195009074,-2,1
-95.1457461389241,5,1
-94.2423902165005,-1,1
-94.5459826607587,-2,1
-91.6320901280375,-1,1
-92.3095772133263,5,1
-91.6203427735565,-4,1
-95.4193120823063,-1,1
-95.3929833021307,4,1
-95.3740987491947,1,1
-95.7765086737455,2,1
-94.964602007001,-4,1
-90.8646856145327,-1,1
-98.2316017005511,2,1
-90.8083922654938,4,1
-99.3984217144002,-4,1
-94.8677982512761,2,1
-94.5914673435753,-1,1
-95.1538271305985,2,1
-91.3700388103579,1,1
-99.0130143234068,2,1
-91.9584138767864,0,1
-91.273838559832,4,1
-90.2393512415595,3,1
-93.7961775548883,1,1
-98.4771322708128,4,1
-99.582351465532,1,1
-97.0731609667949,-3,1
-96.9236498618567,-4,1
-94.5670915889709,4,1
-96.3092851326998,-1,1
-93.6091342370831,5,1
-93.9315793831431,-5,1
-91.2959297398359,-1,1
-95.7090410627254,1,1
-91.4344484711645,-1,1
-94.5733620931552,-5,1
-97.4820892151127,-3,1
-90.8260021656795,4,1
-98.2116951703492,5,1
-95.0546758488948,5,1
-95.9686996932839,5,1
-96.982207207977,5,1
-93.2591700928327,1,1
-93.7696857264075,2,1
-92.6645214622022,0,1
-91.6493989721601,0,1
-92.1865844699724,4,1
-91.3515573778576,-2,1
-96.4927951474914,-4,1
-97.9265040550415,-2,1
-93.0011414177358,-5,1
-99.2282568295249,3,1
-94.6622240925212,-3,1
-98.0802141683499,-5,1
-91.1866137654089,3,1
-91.3008231628864,-2,1
-98.4984710008813,-3,1
-99.9103319549733,2,1
-98.0488300015454,1,1
-95.9824129212334,-1,1
-96.0920978940045,5,1
-98.4115817998437,2,1
-90.7365575435868,-4,1
-94.2572859116859,4,1
-99.094988648718,-3,1
-93.1269682516285,4,1
-93.4775673366917,2,1
-93.2139828648124,-1,1
-95.0838958146988,-1,1
-97.020344839736,2,1
-93.3051589691954,-5,1
-91.1872272172327,4,1
-98.0712303294821,0,1
-97.563760571834,4,1
-91.9621603366004,2,1
-99.3864916404742,-1,1
-90.3293207031067,-2,1
-90.939456697665,5,1
-90.9113695097669,2,1
-96.4124970562127,1,1
-96.8030210897641,3,1
-98.3915567655924,-5,1
-92.3369003853279,-2,1
-98.6664558687225,2,1
-98.6374600997528,-4,1
-97.0598717683472,4,1
-97.3999865880207,3,1
-92.6076948515712,5,1
-99.8076935888092,3,1
-98.9652277021171,-4,1
-97.8375242405012,0,1
-90.345366414122,-2,1
-96.6050938918704,1,1
-99.7750795431785,0,1
-90.9177726374293,-5,1
-92.8528380873208,-5,1
-95.4976731288579,3,1
-96.7406088159384,2,1
-99.1047643336068,-2,1
-91.9190469319382,5,1
-90.2379012945636,4,1
-97.3988219815918,1,1
-92.581995021771,-3,1
-97.0195974309641,-3,1
-92.2768603044917,-5,1
-91.2246048996375,-2,1
-99.2198120866086,-3,1
-91.7980227512734,-5,1
-98.1698794608591,-2,1
-92.1246807979122,2,1
-98.812205011024,1,1
-99.8850440474353,2,1
-92.6266910964354,3,1
-92.8500872923364,3,1
-92.4566086973616,-1,1
-90.3005766057987,5,1
-96.4365962477906,-5,1
-99.9448226611065,3,1
-97.3260776332263,-2,1
-91.1647395573748,-2,1
-92.9773092307065,4,1
-93.9980691067919,2,1
-93.1686279509177,1,1
-97.9142230980018,-2,1
-99.024033398406,-4,1
-93.3478279856993,-4,1
-95.2979274693962,1,1
-92.5039936925887,5,1
-99.4011491069113,-2,1
-92.940010003179,1,1
-95.090506027751,5,1
-94.7265489656281,2,1
-93.5506865545535,5,1
-95.9890158509366,3,1
-90.1904362178849,-1,1
-96.2207192462092,-4,1
-93.0477434251685,5,1
-94.9667128939164,-1,1
-95.0151163688388,3,1
-95.6587687639165,3,1
-93.2138755575637,-3,1
-98.5671898688277,-5,1
-99.4999086206333,4,1
-99.6249936011383,4,1
-97.5009549133989,3,1
-91.8674438610782,-2,1
-99.7081539485701,0,1
-94.6384427883809,2,1
-94.2639661903686,0,1
-96.1398094263452,2,1
-96.4037064978043,5,1
-93.3683956980034,-3,1
-97.0105262492725,-2,1
-98.7257324497229,-4,1
-98.8734958208446,5,1
-98.1223575576773,4,1
-95.2865214449191,3,1
-94.9256276997626,-5,1
-92.5793190106306,0,1
-93.7341152551249,4,1
-99.6223592840948,-3,1
-96.7590384714782,5,1
-98.1967967410126,5,1
-96.7911258459383,5,1
-97.2422982227696,-4,1
-98.8839965247367,-4,1
-90.2148279892892,3,1
-91.292252089809,3,1
-91.3497246005475,-2,1
-97.1679133660829,4,1
-95.0529338512979,3,1
-94.4350290897917,2,1
-99.2159132149238,3,1
-92.1547657020785,5,1
-92.0333192545433,-3,1
-92.2863078934741,4,1
-95.920547677203,-2,1
-93.9959311941443,5,1
-97.5292271529407,4,1
-90.2476005097625,-3,1
-96.7999803373916,2,1
-97.8604902839473,3,1
-96.4303603266307,-4,1
-94.2018310285203,-5,1
-91.6143677018697,5,1
-96.1558128008894,3,1
-93.2571698585274,-2,1
-99.008379436151,2,1
-94.0779563456987,0,1
-98.3683127582203,2,1
-92.1482041851401,2,1
-90.38569149606,-5,1
-90.1694511879754,-2,1
-91.5154332422324,4,1
-97.6706860298879,-2,1
-94.9979767975938,-3,1
-99.0947812285791,4,1
-93.0112018420192,-4,1
-97.8051811783207,4,1
-97.0148681578063,0,1
-93.5513109263357,5,1
-95.5547211733889,-3,1
-96.9833913030546,3,1
-95.6913421561375,-2,1
-98.219649412112,-2,1
-96.169431643901,-4,1
-91.3979345417461,1,1
-90.2413899223404,-2,1
-90.6053526711421,-2,1
-94.1269879218131,4,1
-92.1083954569341,-1,1
-94.224108895627,-2,1
-95.099575042997,0,1
-93.3380067128718,5,1
-98.6446095498342,3,1
-92.6221892473711,-1,1
-99.9181705387927,-2,1
-99.5892075389898,-1,1
-94.2929413939954,5,1
-99.0334624731414,3,1
-91.8089311143818,3,1
-97.3955669444154,0,1
-93.5848051968623,-2,1
-91.9853981438487,4,1
-94.3945381965171,-2,1
-99.333831798571,-2,1
-91.4676194585429,-2,1
-96.7847354463754,-2,1
-96.898203693132,-4,1
-93.8511302512458,2,1
-95.3087785777759,1,1
-90.6026230976548,-2,1
-93.9031854499491,-1,1
-93.7478282877688,-5,1
-92.6965107140993,-4,1
-94.4013306117774,3,1
-95.240347008503,1,1
-91.2488358122385,-5,1
-99.2540082356301,-5,1
-94.099941481308,0,1
-91.599182196759,4,1
-93.1037512498416,-3,1
-96.8249508999912,2,1
-95.3025940597738,-3,1
-94.3540384607399,-4,1
-91.4788512264847,-2,1
-92.5893584763536,5,1
-90.825976167811,3,1
-97.976178972109,3,1
-97.3975150493922,1,1
-96.9863667830743,-3,1
-92.6431591066329,2,1
-92.3676675305264,-4,1
-96.7084114474128,-3,1
-91.7863949636915,-4,1
-98.361465409946,4,1
-97.9614658282903,-1,1
-94.5482081822329,-3,1
-91.1990895605361,3,1
-94.7206871584324,1,1
-90.5448589827194,-2,1
-99.5180749222121,1,1
-92.6982563748737,-1,1
-96.919184826937,-1,1
-96.1019318974509,1,1
-96.2225106512354,-3,1
-91.4545753195752,3,1
-99.1287612954627,-1,1
-91.2592259898136,1,1
-91.6192815845058,1,1
-95.8961620832566,0,1
-97.9532684285191,-5,1
-90.6207171460646,1,1
-95.6434935251995,4,1
-92.5105290714385,0,1
-97.2284746118207,4,1
-92.2720858815094,-2,1
-91.4340606855412,-1,1
-97.9642562322933,2,1
-98.875178573977,2,1
-97.4805963379305,5,1
-99.7726366010182,-4,1
-90.7301858764679,2,1
-97.7580922627391,-2,1
-96.7860431434007,-2,1
-99.1447401374088,-2,1
-90.5526267626789,5,1
-93.4952894813108,1,1
-93.6275081238205,0,1
-94.185155164231,4,1
-91.0768176290438,5,1
-90.6043298093532,1,1
-90.4734295964242,-2,1
-93.7245908169585,2,1
-95.5163755255439,-3,1
-94.2223434479862,-4,1
-95.7191333130308,1,1
-92.6675017802256,3,1
-93.016054275384,-4,1
-96.0781845595822,5,1
-91.7708001136041,-5,1
-92.9800191446994,-5,1
-95.0577081262704,4,1
-92.6185305802509,-2,1
-90.3173071563703,-4,1
-93.7050079159594,-1,1
-99.5314909585676,4,1
-90.9317473148652,-2,1
-94.0076955475981,1,1
-99.796293638956,-3,1
-92.1247151957301,5,1
-97.5547734854127,-5,1
-90.9726473862642,5,1
-98.7579491421008,2,1
-99.0235726005085,1,1
-96.7805590024973,-1,1
-96.4015739886825,4,1
-97.3469333268909,1,1
-93.9097331813151,5,1
-92.3359129476118,1,1
-92.765300492148,-2,1
-90.1630997165276,-4,1
-91.3627242417034,5,1
-90.3642770768599,-4,1
-97.3576462782907,-1,1
-94.5132153541628,2,1
-91.8320071302093,5,1
-94.8582842319082,-2,1
-99.8097032844394,-5,1
-98.1768009057911,-5,1
-97.9069456566702,0,1
-96.6020796660488,5,1
-94.7611164528984,-1,1
-99.4703438940733,2,1
-96.6545416485988,-4,1
-99.8268441856083,-2,1
-98.6562649347635,1,1
-96.5713777638218,-4,1
-91.9963586296764,1,1
-92.6691580830898,-2,1
-94.3251108436145,-1,1
-95.6480477297041,-4,1
-97.9735953528344,3,1
-93.9309924014022,-4,1
-94.2424352485281,5,1
-95.2977651796124,1,1
-95.0112758766206,-2,1
-91.1625597562732,-5,1
-96.5634417850736,4,1
-90.7101232383818,-2,1
-99.7029821471385,5,1
-98.657446061016,-3,1
-97.2778962301814,3,1
-93.9551753437481,5,1
-98.9691944548247,-2,1
-93.7494588963192,-4,1
-98.687707962757,0,1
-96.4488480041694,-4,1
-93.6967417271669,2,1
-96.6151317261167,1,1
-97.1970349414065,-2,1
-92.8128933089536,0,1
-93.3246729435013,-4,1
-93.5651194458115,-2,1
-99.8151366724028,3,1
-92.034514945791,1,1
-91.4007908157181,5,1
-98.1621413498543,1,1
-95.0613516993144,4,1
-90.4532254323072,3,1
-90.9553746638648,-1,1
-97.8097441083119,3,1
-93.9425131946312,5,1
-93.6347374556529,2,1
-94.3498848750265,0,1
-95.9847142862513,-5,1
-99.9286817416315,3,1
-98.851457113575,3,1
-96.3286244529211,-1,1
-92.4269550975593,-4,1
-93.3557912474689,4,1
-93.3599365587406,-2,1
-92.5550501895723,-2,1
-95.9332877950694,0,1
-95.0506170424216,2,1
-95.3004782137109,5,1
-91.2653600008759,-5,1
-91.5642746278776,1,1
-92.178884797512,5,1
-95.2541110067817,5,1
-94.120054831549,-4,1
-90.3038723685817,-1,1
-97.5913013450379,5,1
-99.5885098775146,-4,1
-97.7910012168074,3,1
-95.13311052336,5,1
-94.6774447135237,2,1
-98.4922389303656,-3,1
-99.8715941558034,-3,1
-95.5412252439476,2,1
-98.8972152944591,4,1
-99.2682759249416,1,1
-98.9149923783939,-4,1
-98.8115211914131,3,1
-97.1497699353272,4,1
-98.5913868718558,-1,1
-90.7584882745102,3,1
-96.3395639075311,2,1
-91.8361141764572,5,1
-99.3062945063362,-2,1
-97.7855869609935,-4,1
-95.7484892327082,3,1
-93.5780526439112,5,1
-94.9194711874878,-5,1
-94.3206280012133,-1,1
-90.5030439566267,-5,1
-94.370260154856,-4,1
-98.6244768431417,-5,1
-93.2475239992191,2,1
-98.0782961975437,-5,1
-96.1268957572773,-1,1
-90.7924336081186,4,1
-99.9647769981082,-2,1
-99.2765215028106,1,1
-94.9010212553744,-1,1
-97.5476163386415,-4,1
-93.1360748126157,-5,1
-92.9013699303891,0,1
-94.4252534080393,-1,1
-99.094719619048,1,1
-96.4363441771906,-4,1
-96.0880041242261,4,1
-99.2471668458094,-1,1
-93.0645379926227,-2,1
-93.0957997790778,-5,1
-97.376278795554,0,1
-92.9616368222662,-4,1
-90.9198870571114,3,1
-90.0784622172003,1,1
-94.7733613268978,5,1
-90.835924718235,-5,1
-98.751543285792,-5,1
-92.947684690988,-4,1
-98.9878932944167,1,1
-90.6307356515203,1,1
-96.6815616161798,0,1
-95.0075892389948,-2,1
-98.371509669389,1,1
-98.2584535512007,5,1
-95.1148812212783,5,1
-93.819127378714,-1,1
-98.1160564350867,4,1
-92.1286779469262,1,1
-98.5158681008756,0,1
-99.1175590324596,2,1
-95.6034819589904,-1,1
-93.2461718321868,5,1
-96.5133587594435,4,1
-93.4194059041272,-3,1
-91.1329391181214,3,1
-93.8894841630088,-2,1
-98.9517248373547,-3,1
-95.5326251621979,3,1
-95.0594175125907,0,1
-96.7235078172384,0,1
-99.3348300353245,0,1
-96.1858824748389,1,1
-90.8560966322942,1,1
-98.4773855952112,4,1
-94.8891134113196,3,1
-95.4115812032477,3,1
-97.7038432919331,-5,1
-90.1539293779679,0,1
-90.6614629222351,2,1
-98.0565260845566,0,1
-98.8644999966698,4,1
-96.2022904693356,5,1
-90.5025163782996,5,1
-98.4341411739233,-5,1
-93.7663020668376,-5,1
-94.5769648564588,-3,1
-95.0519223448112,1,1
-97.8505688147848,1,1
-94.1377378299222,-5,1
-94.3889928360565,3,1
-90.5395092451565,4,1
-99.4678184766925,-4,1
-94.8757239746287,-5,1
-90.4591106394608,-1,1
-99.8649559565281,-4,1
-99.2958523487203,2,1
-94.8535591284829,3,1
-93.3426637154431,3,1
-95.6804841809372,0,1
-95.9114377497531,-2,1
-94.564560872067,-1,1
-95.6521874821786,0,1
-96.0199994689243,-4,1
-94.1850363625591,-3,1
-90.4207945553527,1,1
-90.0181119248687,4,1
-93.8362789211848,-4,1
-94.0909730759178,1,1
-90.7240668719891,5,1
-91.8806073299581,-4,1
-98.2463072096537,-2,1
-94.5957472786274,1,1
-90.1530841863138,2,1
-99.5436882707543,-4,1
-99.6344308613867,-2,1
-92.0299504984332,3,1
-98.3717972012237,2,1
-96.1652695062213,0,1
-99.3051343996017,-5,1
-94.0378078993609,-3,1
-98.4084943468132,0,1
-92.4821684597437,0,1
-99.0508947632263,1,1
-96.9012059831395,-1,1
-97.9880591090291,4,1
-90.0153964990499,-1,1
-94.4745429287777,-1,1
-97.1201704072795,3,1
-99.6733959110477,4,1
-93.3876661534029,0,1
-93.7670568113147,3,1
-93.3623608573299,3,1
-91.8055832283498,-1,1
-98.9658918782675,-4,1
-96.1225772068164,5,1
-97.9026601989698,5,1
-98.1734578565133,3,1
-91.2921815717509,2,1
-91.8623703327962,4,1
-90.6234337295347,-2,1
-94.1821119382916,-1,1
-91.4837809345668,-1,1
-92.7841804618248,3,1
-95.7123970071945,-3,1
-95.6497162856158,-1,1
-97.9376680734125,1,1
-95.8561407904733,-4,1
-96.5648814024137,-2,1
-94.4864459223806,3,1
-98.424984588039,-5,1
-99.7941788982923,-2,1
-92.6840374045819,-1,1
-92.2821504895827,3,1
-96.6257520764004,0,1
-98.1606397531623,-2,1
-94.8780476408292,3,1
-92.4301466770856,0,1
-95.0750921826899,-5,1
-93.9456127539036,2,1
-95.7800457241716,-1,1
-92.2030767383305,0,1
-95.6488711908669,1,1
-91.5163622464408,2,1
-99.0124460732835,1,1
-92.0853694939302,1,1
-99.9912033341833,-5,1
-96.254979393676,4,1
-92.8970857166565,-5,1
-91.9350393848039,2,1
-92.583420367649,4,1
-90.4617012744869,-4,1
-99.2929160202575,5,1
-96.3472451066705,1,1
-91.6710801367401,-2,1
-93.2040970464161,-5,1
-93.4347965495646,-5,1
-91.559042937669,-4,1
-96.3848522120971,4,1
-96.5637837713502,4,1
-99.3118554033261,-4,1
-92.3606993622675,-2,1
-92.5059590319421,2,1
-99.0694998569804,5,1
-92.7471893613871,-2,1
-90.7260784926911,-3,1
-96.8619647281252,-5,1
-99.92025200218,-5,1
-93.368220231934,0,1
-92.7800485688737,5,1
-92.1380171667042,-3,1
-98.8444657734206,2,1
-95.1889557316519,3,1
-90.7416703379588,-3,1
-96.9122194653325,1,1
-91.0111170842974,-4,1
-94.235622807775,-3,1
-95.4040427091351,4,1
-98.7320389235169,-2,1
-97.8602111891432,1,1
-94.7207396199994,-3,1
-98.6561945181686,4,1
-91.236987164096,0,1
-98.6286710625815,-5,1
-97.8305321386895,4,1
-98.8160035697271,4,1
-90.2777143805708,0,1
-95.1051114563422,4,1
-97.2227880485145,-1,1
-95.4170609505747,-3,1
-99.9347690236649,0,1
-98.4371020711107,-1,1
-95.7307798097697,1,1
-92.3832483474553,-2,1
-95.0615834897266,2,1
-93.7437799123392,4,1
-94.6742545968471,2,1
-99.793653627627,5,1
-95.4885361683831,-1,1
-92.170172730489,5,1
-90.5807738665621,-5,1
-90.2888195884602,-1,1
-97.6230394125675,3,1
-91.3649196835049,-1,1
-94.2752927999483,3,1
-90.6919603106975,3,1
-91.2393744057438,3,1
-99.2508574789631,-5,1
-99.1658000285546,1,1
-95.8614195225496,5,1
-90.3666051290251,0,1
-93.741051006111,-4,1
-96.8922097043016,0,1
-91.0564525171042,-2,1
-94.8262103968743,-2,1
-97.8851870463283,2,1
-94.6973082813179,3,1
56.7307941605283,27,2
51.9166571867546,41,2
55.0787803531976,32,2
59.6557545902698,31,2
55.5183553841879,43,2
52.4620853338753,32,2
50.407017414549,32,2
58.1747103048012,46,2
54.0577345445999,26,2
59.9404398075344,34,2
57.6163305083471,45,2
51.6161236793925,34,2
56.7535304443104,45,2
59.2796810249507,47,2
55.5895225753752,30,2
58.1199187175607,48,2
55.8764494131132,33,2
59.7771288012439,27,2
52.0720589147256,39,2
59.1375241352305,31,2
51.4912234734924,25,2
58.0068165736782,33,2
58.0961121078317,36,2
51.2808590549616,48,2
58.6532519075776,38,2
55.2289323222872,42,2
51.6725915807405,32,2
56.774704800573,31,2
59.2319491998286,47,2
50.1127582696623,36,2
57.5521772938929,46,2
58.1714595084123,40,2
53.1975588729805,38,2
56.3082527051105,40,2
56.0423982743775,28,2
58.9905275342801,35,2
55.8514923251913,42,2
57.7069810041798,47,2
50.866063665059,41,2
56.5107880228677,36,2
51.6583894875573,42,2
55.7942300558384,30,2
54.3506635705738,36,2
51.3960242886631,40,2
51.221856922367,27,2
58.8966062142808,32,2
58.9567469694992,47,2
53.2275057355446,38,2
57.534872163379,41,2
52.6567995718806,31,2
57.2150658636654,44,2
50.593349651271,29,2
50.9231516301876,44,2
54.4490220438455,36,2
56.4914910122968,29,2
57.3550340749076,27,2
57.7281366295217,43,2
54.2913982361983,36,2
52.45233762666,44,2
50.9398273469767,45,2
57.4114516728176,48,2
53.2128425164914,36,2
56.3661981873068,42,2
59.686531052817,49,2
53.4455541570266,34,2
56.3192103208064,43,2
53.691274327134,27,2
50.5489194057832,40,2
51.0389442510274,50,2
57.9662831926241,32,2
57.840527590736,29,2
52.3782619968085,43,2
51.3414434511069,39,2
55.3303961512484,26,2
55.5993095003886,26,2
54.7031975705344,38,2
56.0322623583798,35,2
50.3922700012338,30,2
55.1152457316435,30,2
51.6971933441489,28,2
52.5509197412481,29,2
50.3583061388761,47,2
56.1334451852184,35,2
52.166410925592,34,2
52.2463977016338,45,2
59.8729292543515,40,2
58.2538014079275,43,2
59.2595698369831,26,2
59.2664010232356,27,2
55.599324905704,36,2
50.9927307002036,43,2
53.5846028192034,32,2
52.729094203928,26,2
58.4877409954525,39,2
57.6265017719143,47,2
56.261146547004,26,2
51.6550057867539,38,2
56.2375827436647,45,2
51.7667980188373,34,2
54.3675068672564,43,2
56.359760072975,46,2
59.5211956406411,37,2
51.6427551005899,47,2
51.7383595379252,48,2
52.4906007981651,46,2
54.6204586924883,39,2
55.7227048827347,49,2
57.9497412143187,40,2
57.3528954356059,29,2
52.8342194319374,50,2
59.8300883489019,38,2
51.0382671717785,29,2
56.9713170615846,26,2
58.2491662544599,44,2
53.5558852808589,50,2
54.701373397129,41,2
51.2564346417341,32,2
54.756912172235,50,2
55.8454895149239,27,2
51.7541118865372,47,2
53.5944352259051,25,2
54.9483216847347,50,2
53.47740988236,28,2
51.0736025530598,35,2
54.5471404752184,33,2
58.1553698081665,30,2
51.8906520645888,49,2
50.9957738990533,29,2
57.9080828491389,50,2
52.1487368132678,43,2
58.25920608174,32,2
54.1294293208858,48,2
51.1003884668711,49,2
55.1331038528649,44,2
59.1277361993757,30,2
58.7028771849557,25,2
56.1384831127098,38,2
50.5703634977996,31,2
56.1904926784441,43,2
57.4579334055356,32,2
55.0399799087008,45,2
53.2262485933225,46,2
56.4669858466439,44,2
54.0070784352923,31,2
50.4446583701071,33,2
58.6775891028434,36,2
57.456605180169,35,2
52.1463509366572,37,2
59.2064878033734,30,2
59.1421976490282,29,2
51.6933529021205,40,2
57.6300426624708,25,2
56.5090820852534,34,2
57.8271768592334,25,2
53.1253092314794,42,2
50.4744620909806,33,2
52.86893095861,26,2
54.0791215984439,38,2
53.9803205674225,32,2
56.2975270527637,45,2
53.2015583025238,35,2
54.2941502775945,32,2
56.9289765795052,26,2
58.6420736974389,47,2
53.032005653884,30,2
53.9985791228232,29,2
53.6540944349991,37,2
58.6000106920852,39,2
50.9310232705643,36,2
58.5570765406808,25,2
55.2074359895344,32,2
59.3211426964164,44,2
58.046575252411,48,2
51.9685026784904,43,2
56.375790127433,36,2
57.7543121693367,34,2
57.3610886742503,40,2
59.9894524736864,44,2
50.7072626497101,28,2
58.3901446393809,37,2
50.0208089324189,42,2
50.9112793017602,39,2
58.9572793504772,26,2
56.3131953271801,29,2
52.4081002472242,45,2
58.3483862658786,27,2
57.8161363081646,36,2
52.7371389817073,28,2
58.4149972889938,48,2
52.5220958016467,45,2
55.8265241796173,35,2
54.8123378440714,25,2
51.8590965017818,49,2
51.0176834235551,41,2
53.705501693256,28,2
54.3829438559584,35,2
58.6180634495822,41,2
58.9687502966003,27,2
51.612144614844,28,2
56.1922270079218,31,2
51.6974849211424,43,2
56.6810084642913,34,2
54.2678762760112,48,2
58.5642982950298,41,2
51.184132772696,50,2
55.9948680512005,47,2
54.8881062324538,40,2
54.1362333917517,42,2
59.3861142482283,49,2
51.6438148814827,50,2
55.2527599412763,34,2
57.8506513834846,28,2
51.8513405455804,26,2
56.3105328870005,48,2
57.020662009511,38,2
53.0945144210122,50,2
50.7526064206623,48,2
51.6345735045399,29,2
55.047813575041,45,2
56.2736009847643,47,2
57.7261599529254,32,2
55.5485948786693,40,2
58.3168807617491,45,2
59.4231447411922,48,2
57.722774864708,48,2
59.480158991349,49,2
52.4693282834909,47,2
54.8033209975034,39,2
59.2538096124863,46,2
57.7928084232405,28,2
57.5953789666766,44,2
54.2663432621343,48,2
54.6677128761439,41,2
59.6010019222876,40,2
51.1866958076044,30,2
59.8934602368968,28,2
59.4050799967731,32,2
55.2821893452118,38,2
52.9129534392835,45,2
52.0223008272593,47,2
50.8981328786428,42,2
57.3036994888081,38,2
55.5145613672627,33,2
56.9268379890137,34,2
54.407722392168,46,2
51.4820034956852,46,2
59.8792012032298,44,2
57.2609952947796,28,2
54.9016986949938,35,2
55.3916391198831,29,2
53.5731260702038,38,2
59.3256883485612,41,2
57.2136621524487,36,2
53.047238235756,31,2
50.7032922657653,28,2
59.0243436569733,32,2
59.7180374839955,38,2
56.6091034903106,30,2
53.9058568106546,26,2
57.626879391844,45,2
57.1858797756771,32,2
57.1290995186563,43,2
55.5956189529532,38,2
52.4988985819217,46,2
58.0780702869324,34,2
52.1754495493447,39,2
56.5310063504465,33,2
58.3823090098752,49,2
57.8049027765452,46,2
57.4350402393562,37,2
53.862214363351,25,2
53.488481974131,29,2
53.2824168590423,27,2
56.7105769935419,31,2
57.3608315270966,38,2
51.3291676799565,47,2
52.1493989940691,37,2
50.3031105467195,27,2
54.5858179673485,34,2
53.3053954757729,40,2
52.4096835116744,46,2
53.2238930468396,46,2
51.6353219929118,30,2
58.2965638077043,37,2
58.3813076514411,38,2
55.9903770071356,43,2
57.6526195722445,34,2
51.5898556023767,37,2
59.4051522444724,29,2
59.0614600973457,25,2
50.5920576461599,35,2
59.2774035032789,31,2
59.2884010961785,36,2
57.2895620256267,43,2
52.8093248365485,36,2
51.2704565572165,28,2
50.8953494990196,38,2
56.7987427418047,47,2
51.3047372424244,48,2
51.8622137694224,43,2
51.3581608940108,31,2
59.5036517872583,46,2
53.4296924506419,25,2
59.433168828816,38,2
51.0929696402667,32,2
57.2395767244068,28,2
57.2044660372517,30,2
55.5856700760839,34,2
55.7520466299515,29,2
51.990537135256,29,2
52.2258696643798,34,2
50.0796080229055,36,2
55.5846977502577,39,2
55.8976109153295,39,2
59.0045017043602,35,2
53.6863170762677,35,2
58.4693496710412,38,2
50.536342145429,34,2
53.653489904087,48,2
59.5295526309053,48,2
58.7242567519646,41,2
59.5432802212638,28,2
55.0460298702768,25,2
58.081898226026,25,2
58.8555336828865,42,2
58.418023246618,42,2
57.46196287388,43,2
53.2015149002947,25,2
59.3862278565646,40,2
53.5425911842384,33,2
52.4041387168972,34,2
55.4716038273254,36,2
57.8906827637669,37,2
54.1031263223299,46,2
59.4262012189018,50,2
51.5190401038412,32,2
55.9682308658271,46,2
55.3782932001124,31,2
55.0078552715929,49,2
54.0227752434645,45,2
50.8203288808948,35,2
56.0539049601602,49,2
51.219511362662,49,2
57.9347620465305,45,2
54.5820837875652,28,2
52.9070380490706,36,2
51.2937918189593,42,2
57.6757764730418,48,2
50.3308490020497,35,2
51.9155525718685,28,2
51.3659504519396,31,2
57.4416091621669,38,2
59.5755288393327,36,2
55.3731218232323,42,2
52.9612777781385,39,2
50.5305455613629,39,2
50.674111185806,34,2
59.8351176374324,35,2
55.239223901008,27,2
53.3468275068325,40,2
51.0885133278606,39,2
50.1564315175344,48,2
59.8130821937635,45,2
52.064693285554,41,2
55.0047519063509,44,2
57.7693531493716,30,2
51.3697141646431,38,2
56.2003693594979,41,2
58.5479666150861,46,2
55.0085354531746,49,2
51.7719548238146,36,2
55.7115815063087,49,2
56.1854827824181,35,2
54.6328717767215,38,2
55.7141459121796,26,2
58.7176543150151,47,2
54.8637539790896,35,2
55.1340752610255,30,2
55.908197161724,49,2
54.7781870575595,45,2
53.3001115619193,32,2
53.1114703071795,25,2
54.6289293376426,32,2
59.8624492438291,29,2
51.1721697987898,39,2
56.793320737197,39,2
56.4582228984411,35,2
55.8123128544766,25,2
56.6237070188419,42,2
59.477140807613,27,2
55.3840293069966,27,2
58.980384049747,31,2
59.2212257210046,43,2
58.94223375473,43,2
50.6094001261898,28,2
54.2511122406213,30,2
58.268618394524,33,2
55.0157513937082,25,2
59.941276726611,25,2
58.4544493761467,28,2
56.8239680112599,43,2
57.6320399382729,34,2
55.0762213079697,34,2
56.41435837628,27,2
56.7450399308573,36,2
55.993965186595,50,2
56.5096039597819,48,2
52.7224679283666,41,2
57.1698442633731,41,2
55.7588304592922,34,2
51.1157994948327,49,2
55.5385663656646,45,2
59.3549391934306,45,2
52.3156359501739,42,2
59.5073437818505,48,2
51.4060775331144,26,2
52.917654368573,35,2
52.4902576578243,28,2
51.1685814309595,47,2
57.7510610515326,42,2
52.8507411457554,44,2
55.341172772469,33,2
59.1108095346483,46,2
50.6818291600609,32,2
52.1181200991146,34,2
55.7349152479151,46,2
59.3058582324349,33,2
59.4941719196847,33,2
59.8795950178427,44,2
57.1444719957237,48,2
53.6145852023459,37,2
51.9135188063727,50,2
53.134792842606,41,2
51.2475881696106,49,2
54.8283478750105,46,2
51.1069529320771,37,2
58.3028194965536,38,2
52.6161564484857,25,2
56.2391975852286,40,2
52.3407470294214,50,2
52.075844644569,43,2
59.6289869043353,27,2
56.286577746822,38,2
54.6638007524596,50,2
59.7387711825318,27,2
55.0155217302728,25,2
51.7985309387253,47,2
54.92821645741,49,2
53.8933559496449,33,2
53.5500777402715,41,2
50.9514877611191,33,2
56.0513347870572,33,2
55.3145647667031,38,2
55.2182168887371,47,2
50.1613117286237,31,2
53.6689959106003,33,2
55.3741265903022,35,2
56.2597455822207,46,2
50.4460540396089,27,2
55.2760012302595,37,2
57.391887916277,46,2
50.9283928051669,33,2
57.842882406506,42,2
57.0357224449339,47,2
58.3288707653231,38,2
54.2767339537677,47,2
55.6510361474943,31,2
58.651020124659,39,2
57.926342223966,26,2
56.3079756594055,50,2
53.1855480922104,27,2
52.4962484840883,26,2
51.0474755970033,35,2
56.3977867973167,31,2
52.5898286947065,42,2
57.8913140535579,47,2
56.0318072884642,31,2
54.3740603537486,28,2
55.4693372380367,50,2
51.2310844647226,48,2
51.9319672928452,40,2
56.7330767393699,45,2
52.2163338570908,47,2
54.091597408106,43,2
56.5579264541218,44,2
59.9639072429653,31,2
50.208878548297,35,2
56.4207410854231,40,2
59.8417772832495,32,2
55.9888252133152,44,2
50.8842054033845,29,2
57.5385811570067,36,2
59.6951158089557,43,2
56.0429553236879,38,2
50.1653604618722,48,2
57.767373300085,32,2
58.6256805793937,39,2
57.3143638633665,50,2
53.4235958845371,46,2
53.079689389298,42,2
50.5293953260164,32,2
57.3347709900607,47,2
54.4870115036591,32,2
54.8664416156468,41,2
56.5030946338275,40,2
56.9506757068161,38,2
56.6926337049478,34,2
57.3821034124139,45,2
50.5507424809499,37,2
59.2736715618711,27,2
57.6755587541338,39,2
56.7446575026704,29,2
56.6986097299516,44,2
51.279612714527,42,2
57.8609321592728,47,2
57.4959377015763,29,2
53.4856912654681,38,2
58.8849105874979,29,2
57.5716017590357,34,2
56.7474825891058,33,2
52.2129824004902,33,2
55.9126988272349,26,2
59.5921614440549,46,2
57.9915096919003,40,2
59.7157609860632,49,2
55.559702984859,34,2
56.3151784097649,50,2
58.5283880626756,35,2
51.2029261599188,31,2
57.724013198488,41,2
57.5466263319304,41,2
56.2050827594963,45,2
58.9545214706797,41,2
52.9323578311308,37,2
51.5817045747732,38,2
53.7035592654267,34,2
59.2818822522794,34,2
55.1156483558613,45,2
57.2408566320962,29,2
50.6773382000072,26,2
58.8895822967297,32,2
57.038351344861,40,2
52.869131038235,50,2
52.2940354965253,38,2
56.8472966097952,25,2
54.0769595027696,41,2
50.422446490724,38,2
53.3781270875538,36,2
53.7625520684967,47,2
52.6592465359825,33,2
50.5423776096251,29,2
53.4957133504776,34,2
55.5529806194418,29,2
53.4839759164597,27,2
57.9968239650501,37,2
52.1667860689734,29,2
55.9902787952782,44,2
57.7174686465787,43,2
59.0682344119957,43,2
55.9466953746433,34,2
52.6716747088017,42,2
54.4654067803437,27,2
56.4500210314207,26,2
59.1991785658229,43,2
52.9161009430634,37,2
56.379825789512,49,2
50.9486244717293,49,2
53.4335185832495,32,2
53.5889345241512,45,2
57.2138854937343,38,2
53.4708673225563,48,2
57.3088534715185,44,2
52.9615112216297,42,2
59.4621178918388,41,2
56.2363371714687,29,2
51.2624282571118,28,2
55.4695070881121,45,2
57.1110853063952,33,2
56.0045730424007,29,2
55.8281397631138,35,2
53.8851524183521,33,2
57.6560654766255,29,2
58.3459653777098,33,2
51.9143340186433,40,2
54.0259678300981,40,2
51.9685367467827,36,2
50.847584384912,48,2
50.1869027918565,49,2
55.8706942798486,49,2
54.9881502041245,46,2
56.3633461868041,40,2
51.9896178461765,36,2
59.3126980762527,30,2
55.518419064437,47,2
55.2690643679702,36,2
52.6700259809109,50,2
56.3773593119254,30,2
53.8542089446396,35,2
59.6677375613619,39,2
58.4453833642938,30,2
57.8934119603122,37,2
58.7461753062425,42,2
56.6306380780102,39,2
52.716951150142,32,2
52.2918201626876,32,2
50.3087662957302,37,2
56.3086725074142,28,2
57.6032246908663,47,2
52.4070477001355,29,2
53.7948871448395,38,2
57.4346008594035,40,2
58.2845072538461,26,2
54.4956149795613,43,2
54.5810427582054,33,2
58.0522952571613,29,2
52.5218433986523,37,2
53.6368091708856,42,2
50.5178053148295,37,2
50.9672540214581,29,2
56.275389613033,29,2
53.5156794478049,39,2
57.2651698821236,32,2
50.0382085142399,50,2
58.4751921645709,48,2
56.1087986780867,39,2
59.7729690158981,43,2
56.1833166585284,43,2
53.6052595920913,40,2
56.5119826914264,45,2
50.0194950422071,40,2
52.254912769639,50,2
56.3612720939391,35,2
53.167148985098,27,2
58.7708175105726,28,2
54.6106407011123,38,2
58.3788171288886,42,2
57.3855942050117,43,2
50.8061015135176,36,2
54.291403745455,37,2
51.1954257262696,27,2
59.4058003178276,34,2
56.8314962245753,27,2
53.5884013334023,47,2
53.2791336040984,38,2
53.921173465005,28,2
50.193223028283,33,2
58.4084864803409,32,2
57.93914083838,30,2
57.1440944018859,49,2
53.5087456244735,36,2
57.4787192970176,42,2
54.378842536513,40,2
56.8915035173022,43,2
53.4767387286877,44,2
50.02160962683,44,2
56.0134750748035,36,2
54.2768432294277,38,2
58.5925451804091,34,2
52.0109550573459,49,2
53.220365960742,50,2
52.5910872458943,30,2
50.8635725380234,28,2
54.59429555673,31,2
52.609465622036,36,2
59.1809942894897,29,2
50.3295489142873,47,2
59.5185262610027,43,2
55.8591493058615,43,2
55.6242396618533,33,2
54.8583606082775,44,2
58.2492839924619,26,2
56.9600875989332,32,2
52.5643387349446,42,2
54.445221735412,37,2
51.4031105331018,32,2
51.680642965976,28,2
52.445959137386,50,2
55.0879618890673,28,2
53.8443490893896,46,2
52.6085651077182,50,2
52.737768690554,35,2
54.404362505362,27,2
58.1781958614515,35,2
56.5910223850647,46,2
54.004521068852,36,2
57.7886168380904,39,2
51.5157294097468,33,2
53.3738047363814,46,2
59.5683849320468,33,2
54.4686873272703,27,2
56.0514248789568,36,2
54.3714700524617,31,2
52.9556255064498,25,2
57.9282874825507,50,2
59.4663540180061,48,2
57.0351388343167,25,2
56.2763785445539,41,2
58.5406905512284,30,2
54.9662274417545,31,2
52.8533169679128,33,2
52.2679237161994,47,2
59.5941365145732,41,2
51.8782165526612,30,2
59.6572939795504,45,2
56.5726396645349,34,2
58.2950915679713,47,2
50.1856647785577,35,2
52.3287570756724,44,2
51.784081032636,44,2
53.2498458799129,27,2
53.3894732002367,44,2
58.6515021273381,47,2
55.4004195325951,42,2
52.4321680808183,39,2
58.4119379343402,36,2
51.2260113771205,30,2
52.6822678715806,35,2
59.4790449306842,50,2
53.2467651239188,30,2
58.5534065449288,30,2
52.283858636538,41,2
54.0904865143142,29,2
54.7814716876875,42,2
51.3365309242476,43,2
51.6644721361019,38,2
57.1839733841524,36,2
51.674943448674,33,2
50.1371493467108,33,2
58.8778826285243,41,2
52.9776694132525,34,2
58.7402425910124,37,2
52.8694806455294,35,2
50.2741084611403,35,2
51.4145991812787,26,2
56.1430378099061,38,2
58.9545929766414,30,2
59.7637703407241,27,2
52.7691615463823,34,2
53.7513221602694,50,2
54.7021815701252,30,2
59.2028015720198,36,2
53.7878782443992,49,2
56.7047049255456,41,2
52.6752258371732,30,2
59.0216376968989,28,2
55.5164455778864,30,2
59.0939895665175,44,2
50.0281094104824,32,2
53.7329821008419,50,2
54.6120313056721,50,2
55.5154474723263,37,2
56.2310072286064,26,2
51.09357998923,37,2
54.4782192493027,32,2
55.6505382610712,43,2
58.2908437123688,41,2
57.904109863997,37,2
58.5706362377059,32,2
54.7147751372315,25,2
53.5535662634354,47,2
55.1777705309402,38,2
57.4064306886225,33,2
55.7957537051675,42,2
59.2067282871473,39,2
51.7467875079177,43,2
57.3768937004303,31,2
51.4620306476686,34,2
51.0442880880932,45,2
57.1265050591093,44,2
58.8266146274931,41,2
53.3647566566805,42,2
51.5015772178042,29,2
50.6890459723106,42,2
57.6079035543329,40,2
58.758564161897,29,2
52.4973008354401,35,2
54.8168925477483,38,2
51.3304375901,33,2
53.3617200748135,30,2
55.7073260838183,27,2
51.0563266623851,40,2
52.0392943975937,36,2
51.1764848319315,46,2
52.8210337848155,49,2
51.8195066329929,39,2
53.5667115535163,28,2
59.9732866076467,34,2
52.9407227647221,44,2
50.6051963941743,36,2
50.0409639131564,49,2
53.3730914317384,48,2
50.0450872820059,40,2
53.0450822084615,28,2
52.0838317733101,31,2
58.2258102863857,36,2
56.5753546769047,45,2
51.5346842173158,31,2
54.8820984083544,36,2
50.1442598240511,30,2
54.5296732836287,36,2
54.6629370491695,44,2
55.4496226298603,37,2
54.0754677884842,50,2
51.6225829141339,26,2
52.8390758669583,38,2
56.0316642390806,48,2
54.0312231115356,33,2
54.1900957099612,39,2
57.6852045916845,30,2
55.394232722507,36,2
54.8203535349155,26,2
55.6791120509418,40,2
56.0150775528317,34,2
59.3262035832736,37,2
53.5201622312101,29,2
56.146540974048,25,2
50.2950565576507,28,2
53.0663572781611,44,2
56.4867959036555,40,2
50.9868315903466,26,2
59.0603200822597,41,2
50.9611461047177,38,2
55.8293342174962,27,2
51.5521267214886,33,2
51.7632838371956,37,2
50.3462373357702,37,2
53.8031105050828,31,2
57.72644486158,45,2
59.3909999089222,47,2
54.3409504036929,28,2
54.3716719882347,33,2
51.9369326465678,50,2
50.3492354270056,39,2
56.4510811582657,42,2
52.8327446953947,42,2
54.5691836299462,31,2
58.010179056628,28,2
51.1363913842161,39,2
51.0430407062529,47,2
51.0661657678296,44,2
59.5327945536207,25,2
52.979632215711,32,2
52.0457372534611,38,2
56.8642847380183,46,2
52.9557024109833,45,2
54.0501070978976,39,2
51.4682499356318,29,2
58.2009568299817,37,2
52.1802189708309,32,2
59.855796053982,37,2
53.3189983486547,50,2
56.8810996642544,45,2
52.48390623854,38,2
55.6264788344768,29,2
59.8520844857818,46,2
57.8215710797392,40,2
57.0341504219112,46,2
56.1588422748077,36,2
52.8323923863768,50,2
50.9516896000386,36,2
51.9475011872651,30,2
58.8230553667508,34,2
56.3728625582869,35,2
50.8823150563312,25,2
59.706500102866,40,2
53.02211060621,47,2
57.3818485980465,33,2
55.7868111629727,37,2
57.0249080423393,26,2
54.9568020755178,41,2
58.8781196532431,47,2
52.0881086663625,45,2
57.2400319904824,46,2
51.2658800868931,26,2
55.0557014059507,25,2
58.722367541656,29,2
55.829963379632,39,2
50.0029156562187,49,2
51.0770348538273,41,2
53.7185045070937,43,2
50.5688866116842,37,2
51.7043489913785,46,2
56.8220905024215,36,2
52.3578156189994,31,2
58.2691505867583,32,2
59.486088421652,41,2
52.7013681972329,44,2
58.3797610684145,42,2
50.4221637163944,36,2
50.4158273669287,44,2
55.1636278598268,40,2
50.1904609564871,32,2
56.7446017995747,46,2
53.6478421107539,36,2
51.2110787768272,34,2
56.3918514351061,31,2
55.185446188671,30,2
58.0022776785725,33,2
58.852786731036,29,2
56.9146391090401,34,2
50.305522273939,41,2
58.3990398964259,46,2
53.830970197024,38,2
54.6006759895994,49,2
58.6156193051627,31,2
59.4312097878493,33,2
55.8302279386146,44,2
54.8548715682621,50,2
58.6733333292127,48,2
59.0421442831253,28,2
56.2334225778215,42,2
57.7691434390518,37,2
51.1804708217438,31,2
55.6141589065115,41,2
51.4152336006304,31,2
59.9629396694677,26,2
54.1024679094098,30,2
52.8412551732789,32,2
58.5544090265949,27,2
53.4688817497385,47,2
59.7582953980732,45,2
55.1965809366234,37,2
56.1966404074687,34,2
56.2889177428331,41,2
55.7657160095021,44,2
56.7625838054696,26,2
54.9192460003736,47,2
50.8704874343889,31,2
59.0747898438773,29,2
52.7794617751283,41,2
55.2311571582161,25,2
51.1742594087749,41,2
51.0676702677847,42,2
50.5647710966451,46,2
59.5714892063236,46,2
51.6372672437941,41,2
56.8053855532889,44,2
58.8389613042477,32,2
54.5735708047885,42,2
51.6258259581795,41,2
59.5146025012092,33,2
52.8287403686529,35,2
58.1901103851528,41,2
59.9678120916563,25,2
54.8714951086751,25,2
51.3009842969378,35,2
53.471418079839,48,2
55.2663481238252,49,2
53.5335242232424,28,2
52.2195592940316,28,2
55.0857851886078,25,2
57.572886561798,34,2
51.3888908041066,27,2
55.7987990527976,35,2
58.0045813972766,37,2
51.7462471804994,42,2
50.0917198944834,31,2
52.3124941829409,48,2
55.998645169663,40,2
59.9304705846527,38,2
56.667081965205,41,2
59.8633412935687,45,2
55.597270914793,25,2
55.1337642238652,39,2
53.5323324043554,40,2
58.4905796868721,39,2
59.9918257782272,46,2
54.3895439051775,41,2
56.6798526307739,45,2
57.5205939778483,31,2
55.456932297394,45,2
56.2347775644352,49,2
58.106971902577,44,2
59.5604440620445,49,2
54.2396619188767,45,2
50.5314217375851,31,2
54.8368892569301,50,2
59.0113649311591,36,2
55.3225214354971,32,2
54.1944903993517,32,2
53.9855922867545,37,2
55.2277604701701,31,2
53.3774655815731,40,2
57.5489271923222,26,2
58.4393563304401,48,2
51.367326166884,34,2
53.1656526058129,33,2
54.1298299263952,33,2
51.120047011927,49,2
53.667503385378,38,2
58.3423908430544,50,2
51.1225708264683,34,2
52.9884393768436,26,2
59.6125557173335,35,2
59.2081494734988,25,2
54.4159780563522,35,2
53.1490896774391,38,2
54.2003616661242,38,2
56.0859247153792,38,2
53.9550423443724,41,2
-58.5765236086067,42,3
-669.693636946036,30,3
-645.46240296133,27,3
-229.672935961842,26,3
-322.490975597317,52,3
-779.035533468487,45,3
-433.319525498444,42,3
-222.127848729134,33,3
-93.5591696129081,52,3
-420.602535182365,35,3
-629.509924081731,30,3
47.073636806179,40,3
-679.927751552782,31,3
-388.642903219451,47,3
-296.046736839011,56,3
-678.218928407457,32,3
-806.564133285007,57,3
-359.945531638032,60,3
54.9272478481458,34,3
-238.322733844842,27,3
-183.025481031892,48,3
-444.741470849769,38,3
-862.203600686746,39,3
-768.05234945957,59,3
-588.411436655258,35,3
-595.827571618694,52,3
-718.447711750392,41,3
66.7092845559392,29,3
-437.256522305488,54,3
-550.823105003757,42,3
-22.402627453732,41,3
-855.86791385977,35,3
-561.738298906976,60,3
-161.958363190155,28,3
-216.025468353152,29,3
-420.506522248999,28,3
-715.459677307754,50,3
-194.411840669828,31,3
-850.535356533359,46,3
-731.975902920181,45,3
-140.280696983181,40,3
-437.361451244596,45,3
-348.676117137824,28,3
-58.6813792780542,42,3
-559.032244505032,32,3
-151.336741096992,48,3
-511.935174412664,49,3
-752.51065227411,34,3
-463.237129090494,54,3
-888.186220676531,32,3
-200.534715179279,54,3
-162.658433485241,53,3
-818.459404185996,38,3
-710.499643899827,42,3
-659.433598252364,59,3
-401.213666345289,36,3
-98.0132628254669,30,3
-593.355865343658,35,3
-36.9447142671183,51,3
-406.804827072937,43,3
-411.12409304266,28,3
49.463096686888,45,3
-108.014096596052,37,3
-201.509303931723,47,3
-90.9573087877852,48,3
-804.029673345086,41,3
-640.504618575775,29,3
-499.512376115962,31,3
-467.224735722375,36,3
91.3782712764458,57,3
-477.660546358916,54,3
-384.596784526111,48,3
-586.40168273211,44,3
-416.137932226818,44,3
-101.612729772951,28,3
-741.567348001447,49,3
-602.253720558283,38,3
-744.560806988383,30,3
-801.902614264874,54,3
-251.741113581517,27,3
-784.45017390999,56,3
-865.858550060129,28,3
-328.776616985377,43,3
44.3305488212068,27,3
-325.59692445219,45,3
-881.210732732125,42,3
-673.414493759502,56,3
-11.5746195311275,46,3
-627.029055865163,36,3
-603.447884074755,50,3
-80.0308005989076,49,3
-830.959583539399,48,3
-366.262074742138,56,3
-648.022435680537,34,3
-210.594612740733,29,3
-888.136110582578,40,3
-29.5235284227641,40,3
-848.711084540906,35,3
-745.73564049148,44,3
-265.270332442588,52,3
-694.031932633844,43,3
-890.521543145962,56,3
-667.717306860926,56,3
-114.111602106072,37,3
-586.215003139791,44,3
-193.003099030512,52,3
-213.499180940171,55,3
-422.285573296423,36,3
-398.21625863848,37,3
-279.399427951253,48,3
-866.986830540616,27,3
48.9801922648917,50,3
-96.9768781923059,35,3
-260.875514467428,37,3
86.4495019660354,46,3
-637.561170883671,56,3
-894.569003333045,44,3
-86.0421508718889,33,3
-398.040196021822,35,3
-585.759862715788,36,3
-745.737253135968,26,3
-105.511940664632,58,3
-572.022585684364,35,3
-350.869241000361,40,3
-193.852790671472,50,3
-567.472937502222,53,3
-252.239830750052,53,3
-783.052272631656,26,3
-507.77589688857,57,3
-232.690226361511,50,3
-554.406706317977,43,3
25.3781039811936,38,3
-83.349194305918,47,3
-411.786125420778,33,3
-67.0197336478292,58,3
-254.429661594952,51,3
-636.177568896412,59,3
-131.114004755637,31,3
-74.2815919483361,25,3
-864.481615164527,37,3
-18.3157567171053,57,3
-316.780666779485,28,3
-593.08262975486,45,3
-16.5548050619209,52,3
-668.275888118806,39,3
-839.819087128489,37,3
-467.604924232897,49,3
-703.58382041592,40,3
-203.727097420569,29,3
-226.300703275168,44,3
-802.068728436166,38,3
-246.883292620468,49,3
-229.99496209554,40,3
-622.674355775192,29,3
-782.210901880673,29,3
-283.195343018672,47,3
42.9048188251873,35,3
-105.6753734302,34,3
-142.388946287204,31,3
-18.0193074062518,50,3
35.4626324530142,51,3
-30.9589386494099,29,3
-484.106536535218,42,3
-772.785554796779,31,3
-580.117934042158,28,3
-788.891038359699,50,3
-484.342763315296,38,3
-657.617269137419,27,3
-481.442872460734,49,3
-634.825026772825,58,3
-823.879419437893,41,3
-10.7818442751808,43,3
96.1603573995859,27,3
-213.009140396039,30,3
-577.83364895691,49,3
-183.873662429778,32,3
-173.824817472765,34,3
28.8260329162851,33,3
23.2016760428125,54,3
23.3129468556969,35,3
-680.556140110663,47,3
-414.370857838713,58,3
-504.615864914621,36,3
-329.489962623739,52,3
-481.160385892365,29,3
-372.925447777681,35,3
-662.268635619074,39,3
-163.164350480533,42,3
-166.05843621016,56,3
-556.344279414503,43,3
-721.206952877172,35,3
-842.228670284745,31,3
9.34968421029872,34,3
98.1863834377321,49,3
62.3919392855168,47,3
-401.044570296139,44,3
-303.770336758368,45,3
-788.302905150748,56,3
69.4920746497752,57,3
-720.263509895933,47,3
-520.729879131398,56,3
-498.013655337842,30,3
59.5580948245993,50,3
-230.357625636554,28,3
-254.258721961958,27,3
-551.283267851744,56,3
92.040250657064,54,3
-627.145890826891,28,3
-442.399176201831,33,3
42.8885407185537,33,3
-303.042617362737,34,3
-537.506848785793,33,3
-818.062056742621,28,3
-340.494497920915,36,3
-447.336102555388,27,3
-80.0144949420314,34,3
-586.791254489396,50,3
-412.41504733582,48,3
-218.30014059842,37,3
32.172472089965,51,3
-50.8671379277664,59,3
-114.253639052301,48,3
-865.940879573675,34,3
-714.317475864406,54,3
-282.321595231905,34,3
-279.155948613501,45,3
-754.299293064162,58,3
-398.920533064946,49,3
-768.632077998498,39,3
-399.292447794322,55,3
-485.727360961757,25,3
40.4823213777465,51,3
-570.607331997339,31,3
-886.7437348279,28,3
-716.827761909086,46,3
-330.23939542702,50,3
-212.34569594082,35,3
-35.4127519182944,58,3
-708.052506174521,60,3
-189.218005793668,36,3
-778.287163204893,26,3
-18.6130601491664,50,3
-225.184021527485,49,3
-795.537911236258,40,3
24.258929645715,52,3
-630.582266366067,59,3
-692.062455590345,45,3
-266.558115781599,47,3
-685.552655103664,48,3
-360.52424787186,46,3
-99.2905736721877,59,3
-447.347859207702,27,3
27.099167077606,35,3
-27.7466066560582,25,3
-552.716829843676,60,3
-328.821959316147,28,3
-450.581953416444,30,3
-145.945709954901,60,3
-301.89261282079,53,3
-231.959619129361,49,3
-781.732640043495,34,3
-416.895457986621,40,3
-578.043864932743,39,3
-432.519054213102,26,3
-93.545982115906,32,3
-436.788185205467,49,3
-734.530979402088,37,3
-328.539623001544,32,3
-170.728422070373,28,3
-334.560861849515,51,3
-507.197288587719,45,3
-477.964452314901,58,3
-157.707231830007,26,3
92.9606947907433,36,3
-740.259603223733,35,3
-734.00527926119,54,3
-437.28192211787,28,3
-578.049386607312,43,3
-276.749350958714,29,3
-531.104372257588,57,3
3.06804421076248,30,3
-300.573028088708,37,3
-679.923666201158,59,3
-481.787967944933,39,3
-773.424191054241,29,3
-276.12131450787,25,3
-763.839291540566,47,3
-739.644483629413,44,3
-830.836501804567,38,3
-313.102715775143,50,3
-165.262414233375,48,3
25.534510690134,39,3
-121.386584509214,46,3
-100.769062840391,35,3
-287.850744262098,31,3
-470.991550121165,37,3
-85.5871813658387,32,3
-278.326337625459,46,3
-383.145882289344,39,3
-702.635661593663,53,3
-201.497933205638,38,3
-98.2617221571838,40,3
-669.566090536087,36,3
-207.923602513475,47,3
-674.557838173742,32,3
-716.139311653223,29,3
-873.821880405093,30,3
-247.42171626195,41,3
-894.496560507024,43,3
32.2315228793069,33,3
-152.739461912377,50,3
-613.753787629936,55,3
-430.835739197197,43,3
-870.308794294234,57,3
-645.610947747647,43,3
-814.693839131425,49,3
-770.438654832637,31,3
-21.3871281598277,50,3
-131.04182641858,40,3
-518.262066012394,50,3
-131.635398727797,25,3
-341.209670005958,48,3
-377.961428862904,33,3
75.4920517699301,49,3
80.5586122514253,32,3
-845.760487506209,49,3
57.4240097590118,40,3
50.8434804670631,56,3
-641.427464798969,30,3
-228.817959538628,34,3
-650.897419050925,35,3
-613.070725095105,44,3
-617.933259374017,57,3
-96.1015444319564,56,3
-566.618709910084,56,3
-636.191567968976,50,3
-175.199698757478,55,3
-667.651540770569,44,3
-567.363171261494,60,3
-763.742208174666,26,3
-205.47923500377,53,3
-433.484033538236,34,3
-85.0964514120443,58,3
-128.862593708952,34,3
-163.030486907251,30,3
-442.326914044399,39,3
-748.064807292394,55,3
90.4349988369685,56,3
-162.635743345836,39,3
-860.267551407768,33,3
-313.204202876546,39,3
-648.753749099879,42,3
-856.804291388608,28,3
-346.697590765967,40,3
-21.3882449303607,29,3
0.09471432463495,60,3
-709.598505781619,36,3
-331.513717888602,38,3
-138.581377725737,57,3
-225.409232103891,44,3
-485.545508466133,44,3
-874.322067219778,43,3
-223.292824734394,46,3
-578.143749667309,50,3
-401.597478182686,57,3
-449.016140200517,57,3
-550.624008793711,29,3
-191.433846748468,45,3
-128.101484867359,41,3
-419.119632448795,57,3
-445.359210633126,60,3
-870.733057079126,37,3
-112.272667082737,45,3
-70.4116046361083,60,3
-704.090957731308,43,3
27.0453901854684,25,3
-752.094312336785,36,3
-659.966694575279,49,3
-479.837231463651,50,3
-670.932711615576,34,3
-643.656437192455,36,3
-248.993763065455,29,3
-93.0854628186923,58,3
-142.575683363684,55,3
-278.793894193276,29,3
-302.968018549872,40,3
-737.732710977835,36,3
75.7268355153722,32,3
-402.801733267746,35,3
-500.672482945549,55,3
-570.381281205034,32,3
-712.026078695579,49,3
-61.3573218130334,59,3
-754.790712861932,28,3
-37.2029087681616,41,3
-41.4532691140498,48,3
-198.382336036225,49,3
9.29597879112056,38,3
-723.444174809937,38,3
-115.820755874288,48,3
-83.3696162863131,49,3
-202.615820401454,48,3
18.1068983768985,27,3
-775.716212819161,43,3
-52.284348835412,26,3
-493.599371682367,52,3
-671.260121755479,49,3
-101.434221414046,39,3
-681.629518592924,55,3
-407.4814685865,52,3
-777.852325163531,53,3
-589.581477316822,44,3
-100.506613643602,35,3
-561.053969934267,32,3
-208.063801572333,33,3
-429.618833194938,38,3
-105.846683246115,49,3
-655.828225657144,42,3
-583.360033851743,25,3
-438.30473001252,25,3
-342.214393960721,55,3
-712.506060394253,40,3
-415.870944453504,39,3
-287.5783422638,39,3
-30.0087302166912,47,3
-569.466492920823,58,3
-42.9063375017727,51,3
-255.46334496878,52,3
51.2659414416662,47,3
-879.651863219842,58,3
-153.551890641473,33,3
82.7589120239629,42,3
-545.163309067216,34,3
-317.177874778482,41,3
-712.78345923091,48,3
-687.905465743886,60,3
-427.406836901798,53,3
-889.636673108232,48,3
-595.158818071486,51,3
-175.673653615122,47,3
-125.111106480601,44,3
-323.315086310318,37,3
-257.519267828244,39,3
-596.127724772205,32,3
-43.9031143133902,36,3
99.3541408768887,40,3
-265.205925615213,57,3
-783.688421182826,31,3
-319.572089631885,50,3
-95.0826084932728,37,3
-416.687960035681,37,3
-180.651074742746,29,3
-523.685092533314,29,3
-223.120449689148,51,3
-664.288167197743,30,3
-875.16959676707,34,3
-132.938619541217,34,3
-2.02430829274201,60,3
-505.359721260354,44,3
-208.590039334645,56,3
-712.016311451287,34,3
-671.639770920431,52,3
-63.5094481311167,45,3
-502.577061746498,46,3
65.1709324068766,27,3
-84.70557883381,60,3
-860.8641281507,33,3
-846.708451670385,32,3
-658.495138743064,45,3
-128.468678301803,60,3
-313.205596162035,55,3
-830.109205351787,51,3
-391.813867603364,44,3
-719.754299064196,38,3
-40.1443221404575,45,3
-793.568770884847,51,3
-202.272691443386,49,3
-321.917503114934,52,3
-418.669633930373,28,3
-846.864004145073,38,3
82.0125529012901,33,3
88.2563079507671,26,3
31.4128371411736,44,3
-212.198341450078,52,3
-888.666519328898,25,3
-534.420550025021,33,3
-90.5243113167992,50,3
-237.408906015036,45,3
-621.976732103052,40,3
-857.037643919114,51,3
-285.012535284508,47,3
-613.657771938261,55,3
-176.937343485593,36,3
-679.097864665766,25,3
-885.59613117568,50,3
-865.274492863075,33,3
53.8467250496861,42,3
-183.915455100973,39,3
-242.272681599604,45,3
-751.399250946223,34,3
-250.627359038374,32,3
-321.394185377897,26,3
-876.960142730107,29,3
-836.560152515388,46,3
-799.020468446403,49,3
-71.5440040639742,42,3
-500.954574865508,54,3
-458.720162808126,31,3
-579.66975837935,34,3
46.2030313574162,57,3
-121.026372259185,30,3
-819.017763895255,49,3
-769.857768710417,54,3
-668.855443783617,51,3
-69.7191832594735,44,3
-889.77425588807,48,3
-233.60244035331,27,3
-19.9408050964206,45,3
-724.126914495158,30,3
-212.440952335023,33,3
42.0953179793055,31,3
-62.9328322730221,59,3
-262.630833988622,39,3
-15.1390139790501,52,3
-285.007005174982,36,3
-322.596245794554,37,3
-374.984788544299,58,3
-238.774223394562,32,3
-851.659462815879,42,3
-807.180155090158,43,3
-877.133468914189,27,3
-848.986332312717,44,3
-560.072103006173,54,3
-91.064099605023,57,3
-255.071883379983,39,3
89.2911436771704,53,3
65.2514585500616,32,3
-738.681288706981,57,3
-220.494285160443,51,3
-369.297099450574,50,3
-623.861705896769,35,3
-377.100739375384,26,3
-681.36325258953,49,3
-687.425717608533,60,3
-189.82978710425,53,3
-381.812504478547,29,3
-642.993994089605,25,3
-56.9104994882298,56,3
-465.329979318753,32,3
-528.87107037267,37,3
-212.1767698623,37,3
-384.597930002474,54,3
-235.383676781836,43,3
-716.829810246191,26,3
-516.711048635753,45,3
-163.257135852445,54,3
-857.102213969307,46,3
-145.801693215773,27,3
55.6176046424417,43,3
74.9715161008344,52,3
-550.832298865043,39,3
-737.526190437175,48,3
31.4048401887403,42,3
-310.321097130587,43,3
-452.845804674239,33,3
-354.609287712835,40,3
60.3503315105495,54,3
-16.2535596853467,35,3
-320.317426325071,48,3
-371.346247481794,41,3
-344.30794938968,35,3
-656.843818668129,58,3
-387.518706099449,55,3
-609.580342030828,59,3
-77.4401033403282,54,3
-576.001869872658,48,3
-192.382428752787,52,3
-444.275910961339,33,3
-604.586514634819,58,3
-830.156770016088,44,3
-133.448884352128,36,3
-60.9972401566943,45,3
-274.866247027024,32,3
-398.247171158628,45,3
-430.029945199232,34,3
-443.812920179691,37,3
-630.387564398669,39,3
-825.705107059597,57,3
-858.156627098641,56,3
-699.712874881904,30,3
-608.298989736009,33,3
69.5625374166976,50,3
-877.575055261653,48,3
-173.156466436628,47,3
-868.889825035702,42,3
-326.722244238204,27,3
16.4473005234888,54,3
-190.261338355642,48,3
-181.504300599319,25,3
-86.6650711123613,37,3
-448.680212481847,48,3
-854.324770552731,40,3
-654.42926458041,27,3
-739.543064949431,26,3
-277.734598388035,27,3
-146.706477327147,40,3
25.8751646231264,46,3
-101.108109042703,56,3
-599.490658528649,28,3
-299.030766517382,38,3
37.3160557690087,28,3
-20.13457341324,60,3
62.1073272170859,30,3
-104.59266455112,36,3
-319.293179236695,56,3
-294.202626503724,40,3
-799.87279281789,45,3
-178.475196270675,55,3
-776.125016204135,45,3
-337.566035801317,50,3
-312.295975681789,33,3
43.8956826383993,54,3
-452.94488254866,38,3
-308.951730529512,60,3
-146.246051318694,58,3
45.1118263832664,57,3
-453.459579659946,30,3
-522.039629061323,29,3
24.9027628829944,38,3
-756.325700815814,48,3
-573.231860950391,59,3
-506.349424274664,52,3
-190.497531633816,57,3
48.2422022381631,28,3
-111.847724899159,34,3
-865.909310704072,38,3
-565.749371568198,27,3
-546.628643082853,53,3
-137.22645654459,37,3
-842.866848173593,34,3
-806.859578387921,39,3
-745.889183468951,43,3
56.9848253393878,59,3
-416.832669057248,30,3
-532.019881749869,37,3
-97.4215079208478,39,3
-561.092500624507,44,3
-762.632288869153,27,3
-679.127499773658,34,3
-32.9303745726547,56,3
-589.004391179004,58,3
-177.62137087641,33,3
-450.966290037627,28,3
81.0122393710973,57,3
-668.802772016467,44,3
-587.246262291737,37,3
-666.485586143485,59,3
32.8322033977032,44,3
-366.985675059187,54,3
-778.761520940334,32,3
89.8162287929445,25,3
-531.693072835666,41,3
-790.510031986081,55,3
-403.84908024469,39,3
-788.670402369022,59,3
-202.525189510508,31,3
-10.1308563939873,53,3
-844.447735564417,45,3
-755.358963578665,34,3
-360.495122802186,27,3
-297.109231314557,46,3
-605.7374645256,36,3
-242.796860049624,54,3
-29.4122466586831,45,3
-718.346449298196,27,3
-126.211756320406,54,3
-212.690934611282,25,3
-758.052634189511,32,3
-45.3736335163801,32,3
-327.370247708154,26,3
-831.82790557461,55,3
-133.276210609171,33,3
28.3929657326354,53,3
-17.8778261333515,60,3
-595.662050776215,47,3
-769.534470843633,36,3
-418.399292822996,37,3
-57.2640844590545,46,3
-378.890182461601,34,3
-87.1489070202361,35,3
-652.197698915136,49,3
-882.064330411726,34,3
-513.646026347726,40,3
0.315845349385356,48,3
-763.406283538706,50,3
-858.282034661544,29,3
-552.09601866839,57,3
19.491376909547,28,3
-193.257520881468,50,3
-449.871236111277,43,3
-368.577786584009,57,3
-88.6275184013706,49,3
52.7737226492873,48,3
-597.911586038889,43,3
-216.093974366053,55,3
62.1634454776171,51,3
-751.979200237864,37,3
-183.196942413616,29,3
-645.344270739791,48,3
-821.464380666513,30,3
1.61340326807682,34,3
-151.300637067844,57,3
-704.49237787058,49,3
-570.117034849123,32,3
-245.117060725826,39,3
11.9349461612334,27,3
-49.2994654381077,37,3
-714.09276470329,42,3
72.4601827516124,57,3
-262.204313050811,35,3
-360.177799161542,59,3
-645.344310871523,57,3
-448.093441356629,59,3
-42.2950869012386,45,3
92.4532683306287,50,3
-796.360537843633,31,3
-659.8010266118,40,3
-321.969291959725,43,3
-103.617855248704,54,3
-353.111072484666,57,3
-565.590412651897,50,3
-882.548264325594,58,3
-505.949562042907,55,3
-63.1608573032659,41,3
-183.750186959351,47,3
-237.273520190114,34,3
-716.828815926577,35,3
-719.048595760472,33,3
-74.9341234586714,47,3
7.38786681645989,46,3
-548.779312259753,26,3
-487.432792070922,58,3
-355.444412694773,44,3
-56.2358911181124,41,3
-159.811915973196,48,3
-67.4007572566366,48,3
-452.365501905137,52,3
-442.678414478796,42,3
-514.925572845301,32,3
-2.68757967792152,56,3
-552.773836345522,49,3
-630.12105926879,59,3
-73.9969054860515,53,3
-373.873627457401,26,3
-805.957330355451,42,3
29.8888267226272,40,3
-785.052152220985,59,3
-267.234461518373,55,3
-369.365695059984,41,3
19.1029931724005,29,3
-296.865913100817,57,3
-748.496317714893,38,3
-471.899970292836,49,3
-303.009964689902,49,3
-305.277307018643,30,3
-832.186922809839,30,3
55.1853468923808,25,3
12.3077451183978,31,3
-812.090142553974,51,3
-795.165345214454,30,3
-167.235979277645,35,3
-695.905848174416,44,3
-502.583418979415,47,3
-436.312247579467,56,3
-428.486660124601,26,3
-106.284468628317,27,3
-62.1212951639018,28,3
-537.093739721786,54,3
-771.227505218013,30,3
-414.24536266939,39,3
-496.945526994309,29,3
-633.702068710042,25,3
-145.562121365223,34,3
-56.7176583521561,52,3
-709.075082667817,60,3
-172.353210062242,59,3
-53.5392733813816,38,3
-619.825169795439,30,3
-387.324655840684,54,3
-575.340390825821,56,3
-563.679709495425,35,3
-327.252397230175,55,3
-898.925491265659,45,3
-447.48490316469,58,3
-661.397865209284,35,3
-182.249045542351,30,3
-435.11650627326,59,3
-313.084468547351,34,3
46.3209121960435,36,3
-380.175044372994,33,3
-28.8168389392255,54,3
-125.300106666426,28,3
-406.540525282934,40,3
-747.13053438175,54,3
-743.026746233091,44,3
-115.915046465077,37,3
-637.25277157759,46,3
-624.911215329078,37,3
-140.278501749461,46,3
9.28079267816774,29,3
-621.920083259112,53,3
2.87455638656355,27,3
-481.615783230684,59,3
14.255868543177,57,3
-771.997148037271,54,3
-276.455772400089,57,3
-849.723630010587,25,3
-826.884891725001,58,3
-247.490786786604,52,3
-668.16311835986,40,3
-531.421299147224,28,3
-389.400540090665,35,3
-423.072654022357,36,3
-618.420602755055,43,3
-308.982789312435,44,3
97.4869773146766,56,3
-488.224587199214,53,3
64.4366576998791,27,3
-72.0377364990542,57,3
-793.182654114544,49,3
-211.775556998769,36,3
-375.063128589664,29,3
-672.867197068255,59,3
-151.118428510544,49,3
-346.342929121086,37,3
-498.597322028324,29,3
-403.539269261402,40,3
91.6029494511487,48,3
-287.982992079682,28,3
-881.327077003086,38,3
-898.024147058337,50,3
-693.262252576041,41,3
-804.584444194271,41,3
-339.084960173703,38,3
-495.85911503686,26,3
-322.247623121016,57,3
-839.227710841931,30,3
-615.514073867981,46,3
-257.711758992037,31,3
-727.40364929908,27,3
-809.126423469184,52,3
-450.824142521954,50,3
-640.135401854121,38,3
-200.277148809119,45,3
-57.9682170680187,34,3
-640.224954527254,34,3
-513.631021383038,36,3
-329.629874995136,57,3
-726.458068352818,39,3
-278.385542358547,27,3
-281.834240387645,57,3
-17.1108345311028,29,3
-384.64486710086,57,3
-768.264754282759,47,3
-773.116847065705,54,3
-455.442409125469,60,3
-108.1098373645,53,3
-442.460747053592,30,3
-473.372500123268,50,3
96.7464042410449,42,3
-627.554398508889,46,3
-269.96542273562,47,3
-736.14507655637,57,3
-165.211108304673,56,3
-629.493968198546,58,3
-162.555639785637,36,3
-180.674220413021,53,3
-724.30701110331,30,3
-321.775597098149,25,3
-714.904803414355,47,3
-486.889915862577,25,3
-166.930529148541,50,3
-634.628684084598,56,3
-45.2296585616737,42,3
-867.604705570953,59,3
-691.792099726798,49,3
-58.0498814801996,57,3
-392.673291292023,44,3
-625.629041068119,36,3
-575.159919267815,46,3
-518.460280191582,35,3
-246.675088869119,31,3
-423.212861505776,44,3
-791.201004423145,53,3
-853.928140498432,58,3
-289.172394235757,27,3
-560.231966334836,53,3
-605.927048238319,47,3
-115.080551973989,56,3
-812.81937800854,47,3
59.3916898661691,25,3
-272.487645645422,43,3
-795.510233241959,54,3
-175.663592372951,42,3
-580.842454438715,48,3
-192.614242982909,40,3
-300.100325203166,52,3
-54.5764676145887,54,3
-376.621087829559,51,3
-285.429183637778,33,3
-734.380684545082,50,3
73.0690448129871,51,3
-368.712214961181,35,3
-437.545373995098,31,3
25.2100427585194,38,3
-94.0192487520558,52,3
-389.527070274182,36,3
-465.42767686026,36,3
-558.571573210647,40,3
-365.7335081055,39,3
-532.86193662398,57,3
-451.647975100272,48,3
-7.31044174075444,30,3
-317.7562735428,27,3
-819.047142169511,25,3
-751.213536786876,29,3
-662.708928852714,26,3
-880.671305349988,56,3
-220.317457499938,53,3
-170.805451723471,57,3
-876.596241453226,38,3
-468.784608662014,31,3
-809.717930938179,60,3
-106.97114526264,60,3
-167.816415868463,45,3
-808.805467907626,54,3
-277.056626920527,41,3
-195.548490391159,54,3
-725.854620368462,33,3
-675.972551325299,42,3
-542.631249074722,54,3
60.3607602018232,36,3
-340.717111376156,53,3
-106.671746070109,52,3
-582.801294058086,34,3
-514.999600293116,56,3
-482.33257453959,30,3
-624.453368453133,40,3
-232.736838227562,45,3
-168.337867467227,39,3
-394.919324026634,55,3
-804.11895284203,51,3
-80.4948358071001,29,3
-278.113338160228,58,3
-199.998430656199,51,3
-305.626440429893,48,3
-705.275690010531,41,3
-847.009356849739,42,3
-87.037076085536,43,3
82.6139143467517,48,3
-299.034500723973,31,3
-633.119996554306,47,3
-419.064454809277,60,3
-65.3324631889488,30,3
-448.281767496553,43,3
-731.543799251859,49,3
-233.226477990532,43,3
-437.177227941342,39,3
84.7577681037466,26,3
93.0385229681912,50,3
-618.670722179026,26,3
-798.434615641954,46,3
-38.3803228928116,37,3
-158.588336525381,29,3
-267.630323882692,60,3
-103.119504557951,48,3
-221.888976095589,40,3
-65.671571744043,35,3
-536.280498459017,48,3
-576.052533807907,48,3
-890.456257238814,27,3
2.7685664609949,34,3
-535.655825450154,32,3
-570.215172902771,34,3
-447.110812869844,36,3
-878.010380612705,34,3
-148.834354445751,47,3
-412.196084677973,33,3
-506.913616572545,50,3
-601.03695909039,45,3
-351.645393577506,57,3
-675.539310497723,33,3
71.1246090130007,51,3
-257.147126586076,33,3
-175.589031973837,43,3
-728.345379213184,50,3
-866.180612478361,60,3
73.846028282518,30,3
-440.87740471951,48,3
-501.622173451446,51,3
